Dataset,Metric,Value,Model
b4b,acc,0.21177558569667077,microsoft-phi-1
b4b,acc_stderr,0.024570863489409633,microsoft-phi-1
b4b,acc_norm,0.21177558569667077,microsoft-phi-1
b4b,acc_norm_stderr,0.024570863489409633,microsoft-phi-1
b4bqa,acc,0.19642857142857142,microsoft-phi-1
b4bqa,acc_stderr,0.009387863785916705,microsoft-phi-1
b4bqa,acc_norm,0.19642857142857142,microsoft-phi-1
b4bqa,acc_norm_stderr,0.009387863785916705,microsoft-phi-1
medmcqa_g2b,acc,0.2413793103448276,microsoft-phi-1
medmcqa_g2b,acc_stderr,0.02297193745254371,microsoft-phi-1
medmcqa_g2b,acc_norm,0.2413793103448276,microsoft-phi-1
medmcqa_g2b,acc_norm_stderr,0.02297193745254371,microsoft-phi-1
medmcqa_orig_filtered,acc,0.25862068965517243,microsoft-phi-1
medmcqa_orig_filtered,acc_stderr,0.023506454355379604,microsoft-phi-1
medmcqa_orig_filtered,acc_norm,0.25862068965517243,microsoft-phi-1
medmcqa_orig_filtered,acc_norm_stderr,0.023506454355379604,microsoft-phi-1
medqa_4options_g2b,acc,0.21693121693121692,microsoft-phi-1
medqa_4options_g2b,acc_stderr,0.02122708244944506,microsoft-phi-1
medqa_4options_g2b,acc_norm,0.21693121693121692,microsoft-phi-1
medqa_4options_g2b,acc_norm_stderr,0.02122708244944506,microsoft-phi-1
medqa_4options_orig_filtered,acc,0.20899470899470898,microsoft-phi-1
medqa_4options_orig_filtered,acc_stderr,0.02094048156533485,microsoft-phi-1
medqa_4options_orig_filtered,acc_norm,0.20899470899470898,microsoft-phi-1
medqa_4options_orig_filtered,acc_norm_stderr,0.02094048156533485,microsoft-phi-1
b4b,acc,0.21177558569667077,microsoft-phi-1
b4b,acc_stderr,0.024570863489409633,microsoft-phi-1
b4b,acc_norm,0.21177558569667077,microsoft-phi-1
b4b,acc_norm_stderr,0.024570863489409633,microsoft-phi-1
b4bqa,acc,0.19642857142857142,microsoft-phi-1
b4bqa,acc_stderr,0.009387863785916705,microsoft-phi-1
b4bqa,acc_norm,0.19642857142857142,microsoft-phi-1
b4bqa,acc_norm_stderr,0.009387863785916705,microsoft-phi-1
medmcqa_g2b,acc,0.2413793103448276,microsoft-phi-1
medmcqa_g2b,acc_stderr,0.02297193745254371,microsoft-phi-1
medmcqa_g2b,acc_norm,0.2413793103448276,microsoft-phi-1
medmcqa_g2b,acc_norm_stderr,0.02297193745254371,microsoft-phi-1
medmcqa_orig_filtered,acc,0.25862068965517243,microsoft-phi-1
medmcqa_orig_filtered,acc_stderr,0.023506454355379604,microsoft-phi-1
medmcqa_orig_filtered,acc_norm,0.25862068965517243,microsoft-phi-1
medmcqa_orig_filtered,acc_norm_stderr,0.023506454355379604,microsoft-phi-1
medqa_4options_g2b,acc,0.21693121693121692,microsoft-phi-1
medqa_4options_g2b,acc_stderr,0.02122708244944506,microsoft-phi-1
medqa_4options_g2b,acc_norm,0.21693121693121692,microsoft-phi-1
medqa_4options_g2b,acc_norm_stderr,0.02122708244944506,microsoft-phi-1
medqa_4options_orig_filtered,acc,0.20899470899470898,microsoft-phi-1
medqa_4options_orig_filtered,acc_stderr,0.02094048156533485,microsoft-phi-1
medqa_4options_orig_filtered,acc_norm,0.20899470899470898,microsoft-phi-1
medqa_4options_orig_filtered,acc_norm_stderr,0.02094048156533485,microsoft-phi-1
b4b,acc,0.3024044389642417,microsoft-phi-1_5
b4b,acc_stderr,0.030335029823792846,microsoft-phi-1_5
b4b,acc_norm,0.3024044389642417,microsoft-phi-1_5
b4b,acc_norm_stderr,0.030335029823792846,microsoft-phi-1_5
b4bqa,acc,0.28013392857142855,microsoft-phi-1_5
b4bqa,acc_stderr,0.010611112414051155,microsoft-phi-1_5
b4bqa,acc_norm,0.28013392857142855,microsoft-phi-1_5
b4bqa,acc_norm_stderr,0.010611112414051155,microsoft-phi-1_5
medmcqa_g2b,acc,0.3160919540229885,microsoft-phi-1_5
medmcqa_g2b,acc_stderr,0.024959784982131285,microsoft-phi-1_5
medmcqa_g2b,acc_norm,0.3160919540229885,microsoft-phi-1_5
medmcqa_g2b,acc_norm_stderr,0.024959784982131285,microsoft-phi-1_5
medmcqa_orig_filtered,acc,0.3045977011494253,microsoft-phi-1_5
medmcqa_orig_filtered,acc_stderr,0.024706807658616183,microsoft-phi-1_5
medmcqa_orig_filtered,acc_norm,0.3045977011494253,microsoft-phi-1_5
medmcqa_orig_filtered,acc_norm_stderr,0.024706807658616183,microsoft-phi-1_5
medqa_4options_g2b,acc,0.3492063492063492,microsoft-phi-1_5
medqa_4options_g2b,acc_stderr,0.024552292209342654,microsoft-phi-1_5
medqa_4options_g2b,acc_norm,0.3492063492063492,microsoft-phi-1_5
medqa_4options_g2b,acc_norm_stderr,0.024552292209342654,microsoft-phi-1_5
medqa_4options_orig_filtered,acc,0.34656084656084657,microsoft-phi-1_5
medqa_4options_orig_filtered,acc_stderr,0.024508777521028435,microsoft-phi-1_5
medqa_4options_orig_filtered,acc_norm,0.34656084656084657,microsoft-phi-1_5
medqa_4options_orig_filtered,acc_norm_stderr,0.024508777521028435,microsoft-phi-1_5
b4b,acc,0.3024044389642417,microsoft-phi-1_5
b4b,acc_stderr,0.030335029823792846,microsoft-phi-1_5
b4b,acc_norm,0.3024044389642417,microsoft-phi-1_5
b4b,acc_norm_stderr,0.030335029823792846,microsoft-phi-1_5
b4bqa,acc,0.28013392857142855,microsoft-phi-1_5
b4bqa,acc_stderr,0.010611112414051155,microsoft-phi-1_5
b4bqa,acc_norm,0.28013392857142855,microsoft-phi-1_5
b4bqa,acc_norm_stderr,0.010611112414051155,microsoft-phi-1_5
medmcqa_g2b,acc,0.3160919540229885,microsoft-phi-1_5
medmcqa_g2b,acc_stderr,0.024959784982131285,microsoft-phi-1_5
medmcqa_g2b,acc_norm,0.3160919540229885,microsoft-phi-1_5
medmcqa_g2b,acc_norm_stderr,0.024959784982131285,microsoft-phi-1_5
medmcqa_orig_filtered,acc,0.3045977011494253,microsoft-phi-1_5
medmcqa_orig_filtered,acc_stderr,0.024706807658616183,microsoft-phi-1_5
medmcqa_orig_filtered,acc_norm,0.3045977011494253,microsoft-phi-1_5
medmcqa_orig_filtered,acc_norm_stderr,0.024706807658616183,microsoft-phi-1_5
medqa_4options_g2b,acc,0.3492063492063492,microsoft-phi-1_5
medqa_4options_g2b,acc_stderr,0.024552292209342654,microsoft-phi-1_5
medqa_4options_g2b,acc_norm,0.3492063492063492,microsoft-phi-1_5
medqa_4options_g2b,acc_norm_stderr,0.024552292209342654,microsoft-phi-1_5
medqa_4options_orig_filtered,acc,0.34656084656084657,microsoft-phi-1_5
medqa_4options_orig_filtered,acc_stderr,0.024508777521028435,microsoft-phi-1_5
medqa_4options_orig_filtered,acc_norm,0.34656084656084657,microsoft-phi-1_5
medqa_4options_orig_filtered,acc_norm_stderr,0.024508777521028435,microsoft-phi-1_5
b4b,acc,0.44790382244143034,microsoft-phi-2
b4b,acc_stderr,0.0343882858973779,microsoft-phi-2
b4b,acc_norm,0.44790382244143034,microsoft-phi-2
b4b,acc_norm_stderr,0.0343882858973779,microsoft-phi-2
b4bqa,acc,0.47488839285714285,microsoft-phi-2
b4bqa,acc_stderr,0.01179977682900124,microsoft-phi-2
b4bqa,acc_norm,0.47488839285714285,microsoft-phi-2
b4bqa,acc_norm_stderr,0.01179977682900124,microsoft-phi-2
medmcqa_g2b,acc,0.3764367816091954,microsoft-phi-2
medmcqa_g2b,acc_stderr,0.02600887296285643,microsoft-phi-2
medmcqa_g2b,acc_norm,0.3764367816091954,microsoft-phi-2
medmcqa_g2b,acc_norm_stderr,0.02600887296285643,microsoft-phi-2
medmcqa_orig_filtered,acc,0.4224137931034483,microsoft-phi-2
medmcqa_orig_filtered,acc_stderr,0.02651628723013287,microsoft-phi-2
medmcqa_orig_filtered,acc_norm,0.4224137931034483,microsoft-phi-2
medmcqa_orig_filtered,acc_norm_stderr,0.02651628723013287,microsoft-phi-2
medqa_4options_g2b,acc,0.41798941798941797,microsoft-phi-2
medqa_4options_g2b,acc_stderr,0.02540255550326091,microsoft-phi-2
medqa_4options_g2b,acc_norm,0.41798941798941797,microsoft-phi-2
medqa_4options_g2b,acc_norm_stderr,0.02540255550326091,microsoft-phi-2
medqa_4options_orig_filtered,acc,0.43915343915343913,microsoft-phi-2
medqa_4options_orig_filtered,acc_stderr,0.025559920550531003,microsoft-phi-2
medqa_4options_orig_filtered,acc_norm,0.43915343915343913,microsoft-phi-2
medqa_4options_orig_filtered,acc_norm_stderr,0.025559920550531003,microsoft-phi-2
b4b,acc,0.44790382244143034,microsoft-phi-2
b4b,acc_stderr,0.0343882858973779,microsoft-phi-2
b4b,acc_norm,0.44790382244143034,microsoft-phi-2
b4b,acc_norm_stderr,0.0343882858973779,microsoft-phi-2
b4bqa,acc,0.47488839285714285,microsoft-phi-2
b4bqa,acc_stderr,0.01179977682900124,microsoft-phi-2
b4bqa,acc_norm,0.47488839285714285,microsoft-phi-2
b4bqa,acc_norm_stderr,0.01179977682900124,microsoft-phi-2
medmcqa_g2b,acc,0.3764367816091954,microsoft-phi-2
medmcqa_g2b,acc_stderr,0.02600887296285643,microsoft-phi-2
medmcqa_g2b,acc_norm,0.3764367816091954,microsoft-phi-2
medmcqa_g2b,acc_norm_stderr,0.02600887296285643,microsoft-phi-2
medmcqa_orig_filtered,acc,0.4224137931034483,microsoft-phi-2
medmcqa_orig_filtered,acc_stderr,0.02651628723013287,microsoft-phi-2
medmcqa_orig_filtered,acc_norm,0.4224137931034483,microsoft-phi-2
medmcqa_orig_filtered,acc_norm_stderr,0.02651628723013287,microsoft-phi-2
medqa_4options_g2b,acc,0.41798941798941797,microsoft-phi-2
medqa_4options_g2b,acc_stderr,0.02540255550326091,microsoft-phi-2
medqa_4options_g2b,acc_norm,0.41798941798941797,microsoft-phi-2
medqa_4options_g2b,acc_norm_stderr,0.02540255550326091,microsoft-phi-2
medqa_4options_orig_filtered,acc,0.43915343915343913,microsoft-phi-2
medqa_4options_orig_filtered,acc_stderr,0.025559920550531003,microsoft-phi-2
medqa_4options_orig_filtered,acc_norm,0.43915343915343913,microsoft-phi-2
medqa_4options_orig_filtered,acc_norm_stderr,0.025559920550531003,microsoft-phi-2
b4b,acc,0.6593711467324291,microsoft-Phi-3-medium-4k-instruct
b4b,acc_stderr,0.05882406104148581,microsoft-Phi-3-medium-4k-instruct
b4b,acc_norm,0.6593711467324291,microsoft-Phi-3-medium-4k-instruct
b4b,acc_norm_stderr,0.05882406104148581,microsoft-Phi-3-medium-4k-instruct
b4bqa,acc,0.6997767857142857,microsoft-Phi-3-medium-4k-instruct
b4bqa,acc_stderr,0.010830639682891873,microsoft-Phi-3-medium-4k-instruct
b4bqa,acc_norm,0.6997767857142857,microsoft-Phi-3-medium-4k-instruct
b4bqa,acc_norm_stderr,0.010830639682891873,microsoft-Phi-3-medium-4k-instruct
medmcqa_g2b,acc,0.603448275862069,microsoft-Phi-3-medium-4k-instruct
medmcqa_g2b,acc_stderr,0.026260634141933786,microsoft-Phi-3-medium-4k-instruct
medmcqa_g2b,acc_norm,0.603448275862069,microsoft-Phi-3-medium-4k-instruct
medmcqa_g2b,acc_norm_stderr,0.026260634141933786,microsoft-Phi-3-medium-4k-instruct
medmcqa_orig_filtered,acc,0.7241379310344828,microsoft-Phi-3-medium-4k-instruct
medmcqa_orig_filtered,acc_stderr,0.023993406146998367,microsoft-Phi-3-medium-4k-instruct
medmcqa_orig_filtered,acc_norm,0.7241379310344828,microsoft-Phi-3-medium-4k-instruct
medmcqa_orig_filtered,acc_norm_stderr,0.023993406146998367,microsoft-Phi-3-medium-4k-instruct
medqa_4options_g2b,acc,0.5343915343915344,microsoft-Phi-3-medium-4k-instruct
medqa_4options_g2b,acc_stderr,0.025690321762493848,microsoft-Phi-3-medium-4k-instruct
medqa_4options_g2b,acc_norm,0.5343915343915344,microsoft-Phi-3-medium-4k-instruct
medqa_4options_g2b,acc_norm_stderr,0.025690321762493848,microsoft-Phi-3-medium-4k-instruct
medqa_4options_orig_filtered,acc,0.5846560846560847,microsoft-Phi-3-medium-4k-instruct
medqa_4options_orig_filtered,acc_stderr,0.025379524910778398,microsoft-Phi-3-medium-4k-instruct
medqa_4options_orig_filtered,acc_norm,0.5846560846560847,microsoft-Phi-3-medium-4k-instruct
medqa_4options_orig_filtered,acc_norm_stderr,0.025379524910778398,microsoft-Phi-3-medium-4k-instruct
b4b,acc,0.6593711467324291,microsoft-Phi-3-medium-4k-instruct
b4b,acc_stderr,0.05882406104148581,microsoft-Phi-3-medium-4k-instruct
b4b,acc_norm,0.6593711467324291,microsoft-Phi-3-medium-4k-instruct
b4b,acc_norm_stderr,0.05882406104148581,microsoft-Phi-3-medium-4k-instruct
b4bqa,acc,0.6997767857142857,microsoft-Phi-3-medium-4k-instruct
b4bqa,acc_stderr,0.010830639682891873,microsoft-Phi-3-medium-4k-instruct
b4bqa,acc_norm,0.6997767857142857,microsoft-Phi-3-medium-4k-instruct
b4bqa,acc_norm_stderr,0.010830639682891873,microsoft-Phi-3-medium-4k-instruct
medmcqa_g2b,acc,0.603448275862069,microsoft-Phi-3-medium-4k-instruct
medmcqa_g2b,acc_stderr,0.026260634141933786,microsoft-Phi-3-medium-4k-instruct
medmcqa_g2b,acc_norm,0.603448275862069,microsoft-Phi-3-medium-4k-instruct
medmcqa_g2b,acc_norm_stderr,0.026260634141933786,microsoft-Phi-3-medium-4k-instruct
medmcqa_orig_filtered,acc,0.7241379310344828,microsoft-Phi-3-medium-4k-instruct
medmcqa_orig_filtered,acc_stderr,0.023993406146998367,microsoft-Phi-3-medium-4k-instruct
medmcqa_orig_filtered,acc_norm,0.7241379310344828,microsoft-Phi-3-medium-4k-instruct
medmcqa_orig_filtered,acc_norm_stderr,0.023993406146998367,microsoft-Phi-3-medium-4k-instruct
medqa_4options_g2b,acc,0.5343915343915344,microsoft-Phi-3-medium-4k-instruct
medqa_4options_g2b,acc_stderr,0.025690321762493848,microsoft-Phi-3-medium-4k-instruct
medqa_4options_g2b,acc_norm,0.5343915343915344,microsoft-Phi-3-medium-4k-instruct
medqa_4options_g2b,acc_norm_stderr,0.025690321762493848,microsoft-Phi-3-medium-4k-instruct
medqa_4options_orig_filtered,acc,0.5846560846560847,microsoft-Phi-3-medium-4k-instruct
medqa_4options_orig_filtered,acc_stderr,0.025379524910778398,microsoft-Phi-3-medium-4k-instruct
medqa_4options_orig_filtered,acc_norm,0.5846560846560847,microsoft-Phi-3-medium-4k-instruct
medqa_4options_orig_filtered,acc_norm_stderr,0.025379524910778398,microsoft-Phi-3-medium-4k-instruct
b4b,acc,0.6199136868064118,mistralai-Mistral-7B-v0.3
b4b,acc_stderr,0.0837373393352743,mistralai-Mistral-7B-v0.3
b4b,acc_norm,0.6199136868064118,mistralai-Mistral-7B-v0.3
b4b,acc_norm_stderr,0.0837373393352743,mistralai-Mistral-7B-v0.3
b4bqa,acc,0.703125,mistralai-Mistral-7B-v0.3
b4bqa,acc_stderr,0.010795811437682205,mistralai-Mistral-7B-v0.3
b4bqa,acc_norm,0.703125,mistralai-Mistral-7B-v0.3
b4bqa,acc_norm_stderr,0.010795811437682205,mistralai-Mistral-7B-v0.3
medmcqa_g2b,acc,0.4827586206896552,mistralai-Mistral-7B-v0.3
medmcqa_g2b,acc_stderr,0.026825443578224806,mistralai-Mistral-7B-v0.3
medmcqa_g2b,acc_norm,0.4827586206896552,mistralai-Mistral-7B-v0.3
medmcqa_g2b,acc_norm_stderr,0.026825443578224806,mistralai-Mistral-7B-v0.3
medmcqa_orig_filtered,acc,0.5689655172413793,mistralai-Mistral-7B-v0.3
medmcqa_orig_filtered,acc_stderr,0.026584851780353615,mistralai-Mistral-7B-v0.3
medmcqa_orig_filtered,acc_norm,0.5689655172413793,mistralai-Mistral-7B-v0.3
medmcqa_orig_filtered,acc_norm_stderr,0.026584851780353615,mistralai-Mistral-7B-v0.3
medqa_4options_g2b,acc,0.48677248677248675,mistralai-Mistral-7B-v0.3
medqa_4options_g2b,acc_stderr,0.025742297289575142,mistralai-Mistral-7B-v0.3
medqa_4options_g2b,acc_norm,0.48677248677248675,mistralai-Mistral-7B-v0.3
medqa_4options_g2b,acc_norm_stderr,0.025742297289575142,mistralai-Mistral-7B-v0.3
medqa_4options_orig_filtered,acc,0.5317460317460317,mistralai-Mistral-7B-v0.3
medqa_4options_orig_filtered,acc_stderr,0.0256993528321318,mistralai-Mistral-7B-v0.3
medqa_4options_orig_filtered,acc_norm,0.5317460317460317,mistralai-Mistral-7B-v0.3
medqa_4options_orig_filtered,acc_norm_stderr,0.0256993528321318,mistralai-Mistral-7B-v0.3
b4b,acc,0.6199136868064118,mistralai-Mistral-7B-v0.3
b4b,acc_stderr,0.0837373393352743,mistralai-Mistral-7B-v0.3
b4b,acc_norm,0.6199136868064118,mistralai-Mistral-7B-v0.3
b4b,acc_norm_stderr,0.0837373393352743,mistralai-Mistral-7B-v0.3
b4bqa,acc,0.703125,mistralai-Mistral-7B-v0.3
b4bqa,acc_stderr,0.010795811437682205,mistralai-Mistral-7B-v0.3
b4bqa,acc_norm,0.703125,mistralai-Mistral-7B-v0.3
b4bqa,acc_norm_stderr,0.010795811437682205,mistralai-Mistral-7B-v0.3
medmcqa_g2b,acc,0.4827586206896552,mistralai-Mistral-7B-v0.3
medmcqa_g2b,acc_stderr,0.026825443578224806,mistralai-Mistral-7B-v0.3
medmcqa_g2b,acc_norm,0.4827586206896552,mistralai-Mistral-7B-v0.3
medmcqa_g2b,acc_norm_stderr,0.026825443578224806,mistralai-Mistral-7B-v0.3
medmcqa_orig_filtered,acc,0.5689655172413793,mistralai-Mistral-7B-v0.3
medmcqa_orig_filtered,acc_stderr,0.026584851780353615,mistralai-Mistral-7B-v0.3
medmcqa_orig_filtered,acc_norm,0.5689655172413793,mistralai-Mistral-7B-v0.3
medmcqa_orig_filtered,acc_norm_stderr,0.026584851780353615,mistralai-Mistral-7B-v0.3
medqa_4options_g2b,acc,0.48677248677248675,mistralai-Mistral-7B-v0.3
medqa_4options_g2b,acc_stderr,0.025742297289575142,mistralai-Mistral-7B-v0.3
medqa_4options_g2b,acc_norm,0.48677248677248675,mistralai-Mistral-7B-v0.3
medqa_4options_g2b,acc_norm_stderr,0.025742297289575142,mistralai-Mistral-7B-v0.3
medqa_4options_orig_filtered,acc,0.5317460317460317,mistralai-Mistral-7B-v0.3
medqa_4options_orig_filtered,acc_stderr,0.0256993528321318,mistralai-Mistral-7B-v0.3
medqa_4options_orig_filtered,acc_norm,0.5317460317460317,mistralai-Mistral-7B-v0.3
medqa_4options_orig_filtered,acc_norm_stderr,0.0256993528321318,mistralai-Mistral-7B-v0.3
b4b,acc,0.3600493218249075,meta-llama-Llama-2-7b-hf
b4b,acc_stderr,0.021816304388272503,meta-llama-Llama-2-7b-hf
b4b,acc_norm,0.3600493218249075,meta-llama-Llama-2-7b-hf
b4b,acc_norm_stderr,0.021816304388272503,meta-llama-Llama-2-7b-hf
b4bqa,acc,0.36830357142857145,meta-llama-Llama-2-7b-hf
b4bqa,acc_stderr,0.011397494280772988,meta-llama-Llama-2-7b-hf
b4bqa,acc_norm,0.36830357142857145,meta-llama-Llama-2-7b-hf
b4bqa,acc_norm_stderr,0.011397494280772988,meta-llama-Llama-2-7b-hf
medmcqa_g2b,acc,0.3390804597701149,meta-llama-Llama-2-7b-hf
medmcqa_g2b,acc_stderr,0.02541329280547327,meta-llama-Llama-2-7b-hf
medmcqa_g2b,acc_norm,0.3390804597701149,meta-llama-Llama-2-7b-hf
medmcqa_g2b,acc_norm_stderr,0.02541329280547327,meta-llama-Llama-2-7b-hf
medmcqa_orig_filtered,acc,0.34195402298850575,meta-llama-Llama-2-7b-hf
medmcqa_orig_filtered,acc_stderr,0.025465208743331563,meta-llama-Llama-2-7b-hf
medmcqa_orig_filtered,acc_norm,0.34195402298850575,meta-llama-Llama-2-7b-hf
medmcqa_orig_filtered,acc_norm_stderr,0.025465208743331563,meta-llama-Llama-2-7b-hf
medqa_4options_g2b,acc,0.3439153439153439,meta-llama-Llama-2-7b-hf
medqa_4options_g2b,acc_stderr,0.024464426625596437,meta-llama-Llama-2-7b-hf
medqa_4options_g2b,acc_norm,0.3439153439153439,meta-llama-Llama-2-7b-hf
medqa_4options_g2b,acc_norm_stderr,0.024464426625596437,meta-llama-Llama-2-7b-hf
medqa_4options_orig_filtered,acc,0.373015873015873,meta-llama-Llama-2-7b-hf
medqa_4options_orig_filtered,acc_stderr,0.02490699045899257,meta-llama-Llama-2-7b-hf
medqa_4options_orig_filtered,acc_norm,0.373015873015873,meta-llama-Llama-2-7b-hf
medqa_4options_orig_filtered,acc_norm_stderr,0.02490699045899257,meta-llama-Llama-2-7b-hf
b4b,acc,0.3600493218249075,meta-llama-Llama-2-7b-hf
b4b,acc_stderr,0.021816304388272503,meta-llama-Llama-2-7b-hf
b4b,acc_norm,0.3600493218249075,meta-llama-Llama-2-7b-hf
b4b,acc_norm_stderr,0.021816304388272503,meta-llama-Llama-2-7b-hf
b4bqa,acc,0.36830357142857145,meta-llama-Llama-2-7b-hf
b4bqa,acc_stderr,0.011397494280772988,meta-llama-Llama-2-7b-hf
b4bqa,acc_norm,0.36830357142857145,meta-llama-Llama-2-7b-hf
b4bqa,acc_norm_stderr,0.011397494280772988,meta-llama-Llama-2-7b-hf
medmcqa_g2b,acc,0.3390804597701149,meta-llama-Llama-2-7b-hf
medmcqa_g2b,acc_stderr,0.02541329280547327,meta-llama-Llama-2-7b-hf
medmcqa_g2b,acc_norm,0.3390804597701149,meta-llama-Llama-2-7b-hf
medmcqa_g2b,acc_norm_stderr,0.02541329280547327,meta-llama-Llama-2-7b-hf
medmcqa_orig_filtered,acc,0.34195402298850575,meta-llama-Llama-2-7b-hf
medmcqa_orig_filtered,acc_stderr,0.025465208743331563,meta-llama-Llama-2-7b-hf
medmcqa_orig_filtered,acc_norm,0.34195402298850575,meta-llama-Llama-2-7b-hf
medmcqa_orig_filtered,acc_norm_stderr,0.025465208743331563,meta-llama-Llama-2-7b-hf
medqa_4options_g2b,acc,0.3439153439153439,meta-llama-Llama-2-7b-hf
medqa_4options_g2b,acc_stderr,0.024464426625596437,meta-llama-Llama-2-7b-hf
medqa_4options_g2b,acc_norm,0.3439153439153439,meta-llama-Llama-2-7b-hf
medqa_4options_g2b,acc_norm_stderr,0.024464426625596437,meta-llama-Llama-2-7b-hf
medqa_4options_orig_filtered,acc,0.373015873015873,meta-llama-Llama-2-7b-hf
medqa_4options_orig_filtered,acc_stderr,0.02490699045899257,meta-llama-Llama-2-7b-hf
medqa_4options_orig_filtered,acc_norm,0.373015873015873,meta-llama-Llama-2-7b-hf
medqa_4options_orig_filtered,acc_norm_stderr,0.02490699045899257,meta-llama-Llama-2-7b-hf
b4b,acc,0.7120838471023427,meta-llama-Meta-Llama-3-8B
b4b,acc_stderr,0.11202233860795015,meta-llama-Meta-Llama-3-8B
b4b,acc_norm,0.7120838471023427,meta-llama-Meta-Llama-3-8B
b4b,acc_norm_stderr,0.11202233860795015,meta-llama-Meta-Llama-3-8B
b4bqa,acc,0.8270089285714286,meta-llama-Meta-Llama-3-8B
b4bqa,acc_stderr,0.00893756370730241,meta-llama-Meta-Llama-3-8B
b4bqa,acc_norm,0.8270089285714286,meta-llama-Meta-Llama-3-8B
b4bqa,acc_norm_stderr,0.00893756370730241,meta-llama-Meta-Llama-3-8B
medmcqa_g2b,acc,0.5287356321839081,meta-llama-Meta-Llama-3-8B
medmcqa_g2b,acc_stderr,0.02679704183010415,meta-llama-Meta-Llama-3-8B
medmcqa_g2b,acc_norm,0.5287356321839081,meta-llama-Meta-Llama-3-8B
medmcqa_g2b,acc_norm_stderr,0.02679704183010415,meta-llama-Meta-Llama-3-8B
medmcqa_orig_filtered,acc,0.5919540229885057,meta-llama-Meta-Llama-3-8B
medmcqa_orig_filtered,acc_stderr,0.026383584629731508,meta-llama-Meta-Llama-3-8B
medmcqa_orig_filtered,acc_norm,0.5919540229885057,meta-llama-Meta-Llama-3-8B
medmcqa_orig_filtered,acc_norm_stderr,0.026383584629731508,meta-llama-Meta-Llama-3-8B
medqa_4options_g2b,acc,0.5502645502645502,meta-llama-Meta-Llama-3-8B
medqa_4options_g2b,acc_stderr,0.025620857042936655,meta-llama-Meta-Llama-3-8B
medqa_4options_g2b,acc_norm,0.5502645502645502,meta-llama-Meta-Llama-3-8B
medqa_4options_g2b,acc_norm_stderr,0.025620857042936655,meta-llama-Meta-Llama-3-8B
medqa_4options_orig_filtered,acc,0.6084656084656085,meta-llama-Meta-Llama-3-8B
medqa_4options_orig_filtered,acc_stderr,0.025138091388851102,meta-llama-Meta-Llama-3-8B
medqa_4options_orig_filtered,acc_norm,0.6084656084656085,meta-llama-Meta-Llama-3-8B
medqa_4options_orig_filtered,acc_norm_stderr,0.025138091388851102,meta-llama-Meta-Llama-3-8B
b4b,acc,0.7120838471023427,meta-llama-Meta-Llama-3-8B
b4b,acc_stderr,0.11202233860795015,meta-llama-Meta-Llama-3-8B
b4b,acc_norm,0.7120838471023427,meta-llama-Meta-Llama-3-8B
b4b,acc_norm_stderr,0.11202233860795015,meta-llama-Meta-Llama-3-8B
b4bqa,acc,0.8270089285714286,meta-llama-Meta-Llama-3-8B
b4bqa,acc_stderr,0.00893756370730241,meta-llama-Meta-Llama-3-8B
b4bqa,acc_norm,0.8270089285714286,meta-llama-Meta-Llama-3-8B
b4bqa,acc_norm_stderr,0.00893756370730241,meta-llama-Meta-Llama-3-8B
medmcqa_g2b,acc,0.5287356321839081,meta-llama-Meta-Llama-3-8B
medmcqa_g2b,acc_stderr,0.02679704183010415,meta-llama-Meta-Llama-3-8B
medmcqa_g2b,acc_norm,0.5287356321839081,meta-llama-Meta-Llama-3-8B
medmcqa_g2b,acc_norm_stderr,0.02679704183010415,meta-llama-Meta-Llama-3-8B
medmcqa_orig_filtered,acc,0.5919540229885057,meta-llama-Meta-Llama-3-8B
medmcqa_orig_filtered,acc_stderr,0.026383584629731508,meta-llama-Meta-Llama-3-8B
medmcqa_orig_filtered,acc_norm,0.5919540229885057,meta-llama-Meta-Llama-3-8B
medmcqa_orig_filtered,acc_norm_stderr,0.026383584629731508,meta-llama-Meta-Llama-3-8B
medqa_4options_g2b,acc,0.5502645502645502,meta-llama-Meta-Llama-3-8B
medqa_4options_g2b,acc_stderr,0.025620857042936655,meta-llama-Meta-Llama-3-8B
medqa_4options_g2b,acc_norm,0.5502645502645502,meta-llama-Meta-Llama-3-8B
medqa_4options_g2b,acc_norm_stderr,0.025620857042936655,meta-llama-Meta-Llama-3-8B
medqa_4options_orig_filtered,acc,0.6084656084656085,meta-llama-Meta-Llama-3-8B
medqa_4options_orig_filtered,acc_stderr,0.025138091388851102,meta-llama-Meta-Llama-3-8B
medqa_4options_orig_filtered,acc_norm,0.6084656084656085,meta-llama-Meta-Llama-3-8B
medqa_4options_orig_filtered,acc_norm_stderr,0.025138091388851102,meta-llama-Meta-Llama-3-8B
b4b,acc,0.7475339087546239,mistralai-Mixtral-8x7B-v0.1
b4b,acc_stderr,0.11087824048509952,mistralai-Mixtral-8x7B-v0.1
b4b,acc_norm,0.7475339087546239,mistralai-Mixtral-8x7B-v0.1
b4b,acc_norm_stderr,0.11087824048509952,mistralai-Mixtral-8x7B-v0.1
b4bqa,acc,0.8610491071428571,mistralai-Mixtral-8x7B-v0.1
b4bqa,acc_stderr,0.008173288677884256,mistralai-Mixtral-8x7B-v0.1
b4bqa,acc_norm,0.8610491071428571,mistralai-Mixtral-8x7B-v0.1
b4bqa,acc_norm_stderr,0.008173288677884256,mistralai-Mixtral-8x7B-v0.1
medmcqa_g2b,acc,0.5545977011494253,mistralai-Mixtral-8x7B-v0.1
medmcqa_g2b,acc_stderr,0.026680902895795475,mistralai-Mixtral-8x7B-v0.1
medmcqa_g2b,acc_norm,0.5545977011494253,mistralai-Mixtral-8x7B-v0.1
medmcqa_g2b,acc_norm_stderr,0.026680902895795475,mistralai-Mixtral-8x7B-v0.1
medmcqa_orig_filtered,acc,0.6494252873563219,mistralai-Mixtral-8x7B-v0.1
medmcqa_orig_filtered,acc_stderr,0.025614751890362768,mistralai-Mixtral-8x7B-v0.1
medmcqa_orig_filtered,acc_norm,0.6494252873563219,mistralai-Mixtral-8x7B-v0.1
medmcqa_orig_filtered,acc_norm_stderr,0.025614751890362768,mistralai-Mixtral-8x7B-v0.1
medqa_4options_g2b,acc,0.6005291005291006,mistralai-Mixtral-8x7B-v0.1
medqa_4options_g2b,acc_stderr,0.025225450284067932,mistralai-Mixtral-8x7B-v0.1
medqa_4options_g2b,acc_norm,0.6005291005291006,mistralai-Mixtral-8x7B-v0.1
medqa_4options_g2b,acc_norm_stderr,0.025225450284067932,mistralai-Mixtral-8x7B-v0.1
medqa_4options_orig_filtered,acc,0.6243386243386243,mistralai-Mixtral-8x7B-v0.1
medqa_4options_orig_filtered,acc_stderr,0.02494236893115979,mistralai-Mixtral-8x7B-v0.1
medqa_4options_orig_filtered,acc_norm,0.6243386243386243,mistralai-Mixtral-8x7B-v0.1
medqa_4options_orig_filtered,acc_norm_stderr,0.02494236893115979,mistralai-Mixtral-8x7B-v0.1
b4b,acc,0.7475339087546239,mistralai-Mixtral-8x7B-v0.1
b4b,acc_stderr,0.11087824048509952,mistralai-Mixtral-8x7B-v0.1
b4b,acc_norm,0.7475339087546239,mistralai-Mixtral-8x7B-v0.1
b4b,acc_norm_stderr,0.11087824048509952,mistralai-Mixtral-8x7B-v0.1
b4bqa,acc,0.8610491071428571,mistralai-Mixtral-8x7B-v0.1
b4bqa,acc_stderr,0.008173288677884256,mistralai-Mixtral-8x7B-v0.1
b4bqa,acc_norm,0.8610491071428571,mistralai-Mixtral-8x7B-v0.1
b4bqa,acc_norm_stderr,0.008173288677884256,mistralai-Mixtral-8x7B-v0.1
medmcqa_g2b,acc,0.5545977011494253,mistralai-Mixtral-8x7B-v0.1
medmcqa_g2b,acc_stderr,0.026680902895795475,mistralai-Mixtral-8x7B-v0.1
medmcqa_g2b,acc_norm,0.5545977011494253,mistralai-Mixtral-8x7B-v0.1
medmcqa_g2b,acc_norm_stderr,0.026680902895795475,mistralai-Mixtral-8x7B-v0.1
medmcqa_orig_filtered,acc,0.6494252873563219,mistralai-Mixtral-8x7B-v0.1
medmcqa_orig_filtered,acc_stderr,0.025614751890362768,mistralai-Mixtral-8x7B-v0.1
medmcqa_orig_filtered,acc_norm,0.6494252873563219,mistralai-Mixtral-8x7B-v0.1
medmcqa_orig_filtered,acc_norm_stderr,0.025614751890362768,mistralai-Mixtral-8x7B-v0.1
medqa_4options_g2b,acc,0.6005291005291006,mistralai-Mixtral-8x7B-v0.1
medqa_4options_g2b,acc_stderr,0.025225450284067932,mistralai-Mixtral-8x7B-v0.1
medqa_4options_g2b,acc_norm,0.6005291005291006,mistralai-Mixtral-8x7B-v0.1
medqa_4options_g2b,acc_norm_stderr,0.025225450284067932,mistralai-Mixtral-8x7B-v0.1
medqa_4options_orig_filtered,acc,0.6243386243386243,mistralai-Mixtral-8x7B-v0.1
medqa_4options_orig_filtered,acc_stderr,0.02494236893115979,mistralai-Mixtral-8x7B-v0.1
medqa_4options_orig_filtered,acc_norm,0.6243386243386243,mistralai-Mixtral-8x7B-v0.1
medqa_4options_orig_filtered,acc_norm_stderr,0.02494236893115979,mistralai-Mixtral-8x7B-v0.1
b4b,acc,0.656288532675709,meta-llama-Llama-2-70B-hf
b4b,acc_stderr,0.11099422321488661,meta-llama-Llama-2-70B-hf
b4b,acc_norm,0.656288532675709,meta-llama-Llama-2-70B-hf
b4b,acc_norm_stderr,0.11099422321488661,meta-llama-Llama-2-70B-hf
b4bqa,acc,0.7700892857142857,meta-llama-Llama-2-70B-hf
b4bqa,acc_stderr,0.009942654607749084,meta-llama-Llama-2-70B-hf
b4bqa,acc_norm,0.7700892857142857,meta-llama-Llama-2-70B-hf
b4bqa,acc_norm_stderr,0.009942654607749084,meta-llama-Llama-2-70B-hf
medmcqa_g2b,acc,0.45977011494252873,meta-llama-Llama-2-70B-hf
medmcqa_g2b,acc_stderr,0.026754382675705738,meta-llama-Llama-2-70B-hf
medmcqa_g2b,acc_norm,0.45977011494252873,meta-llama-Llama-2-70B-hf
medmcqa_g2b,acc_norm_stderr,0.026754382675705738,meta-llama-Llama-2-70B-hf
medmcqa_orig_filtered,acc,0.5229885057471264,meta-llama-Llama-2-70B-hf
medmcqa_orig_filtered,acc_stderr,0.026813021515239517,meta-llama-Llama-2-70B-hf
medmcqa_orig_filtered,acc_norm,0.5229885057471264,meta-llama-Llama-2-70B-hf
medmcqa_orig_filtered,acc_norm_stderr,0.026813021515239517,meta-llama-Llama-2-70B-hf
medqa_4options_g2b,acc,0.5264550264550265,meta-llama-Llama-2-70B-hf
medqa_4options_g2b,acc_stderr,0.025715239811346758,meta-llama-Llama-2-70B-hf
medqa_4options_g2b,acc_norm,0.5264550264550265,meta-llama-Llama-2-70B-hf
medqa_4options_g2b,acc_norm_stderr,0.025715239811346758,meta-llama-Llama-2-70B-hf
medqa_4options_orig_filtered,acc,0.5502645502645502,meta-llama-Llama-2-70B-hf
medqa_4options_orig_filtered,acc_stderr,0.02562085704293665,meta-llama-Llama-2-70B-hf
medqa_4options_orig_filtered,acc_norm,0.5502645502645502,meta-llama-Llama-2-70B-hf
medqa_4options_orig_filtered,acc_norm_stderr,0.02562085704293665,meta-llama-Llama-2-70B-hf
b4b,acc,0.656288532675709,meta-llama-Llama-2-70B-hf
b4b,acc_stderr,0.11099422321488661,meta-llama-Llama-2-70B-hf
b4b,acc_norm,0.656288532675709,meta-llama-Llama-2-70B-hf
b4b,acc_norm_stderr,0.11099422321488661,meta-llama-Llama-2-70B-hf
b4bqa,acc,0.7700892857142857,meta-llama-Llama-2-70B-hf
b4bqa,acc_stderr,0.009942654607749084,meta-llama-Llama-2-70B-hf
b4bqa,acc_norm,0.7700892857142857,meta-llama-Llama-2-70B-hf
b4bqa,acc_norm_stderr,0.009942654607749084,meta-llama-Llama-2-70B-hf
medmcqa_g2b,acc,0.45977011494252873,meta-llama-Llama-2-70B-hf
medmcqa_g2b,acc_stderr,0.026754382675705738,meta-llama-Llama-2-70B-hf
medmcqa_g2b,acc_norm,0.45977011494252873,meta-llama-Llama-2-70B-hf
medmcqa_g2b,acc_norm_stderr,0.026754382675705738,meta-llama-Llama-2-70B-hf
medmcqa_orig_filtered,acc,0.5229885057471264,meta-llama-Llama-2-70B-hf
medmcqa_orig_filtered,acc_stderr,0.026813021515239517,meta-llama-Llama-2-70B-hf
medmcqa_orig_filtered,acc_norm,0.5229885057471264,meta-llama-Llama-2-70B-hf
medmcqa_orig_filtered,acc_norm_stderr,0.026813021515239517,meta-llama-Llama-2-70B-hf
medqa_4options_g2b,acc,0.5264550264550265,meta-llama-Llama-2-70B-hf
medqa_4options_g2b,acc_stderr,0.025715239811346758,meta-llama-Llama-2-70B-hf
medqa_4options_g2b,acc_norm,0.5264550264550265,meta-llama-Llama-2-70B-hf
medqa_4options_g2b,acc_norm_stderr,0.025715239811346758,meta-llama-Llama-2-70B-hf
medqa_4options_orig_filtered,acc,0.5502645502645502,meta-llama-Llama-2-70B-hf
medqa_4options_orig_filtered,acc_stderr,0.02562085704293665,meta-llama-Llama-2-70B-hf
medqa_4options_orig_filtered,acc_norm,0.5502645502645502,meta-llama-Llama-2-70B-hf
medqa_4options_orig_filtered,acc_norm_stderr,0.02562085704293665,meta-llama-Llama-2-70B-hf
b4b,acc,0.8255240443896424,meta-llama-Meta-Llama-3-70B
b4b,acc_stderr,0.07700722588574725,meta-llama-Meta-Llama-3-70B
b4b,acc_norm,0.8255240443896424,meta-llama-Meta-Llama-3-70B
b4b,acc_norm_stderr,0.07700722588574725,meta-llama-Meta-Llama-3-70B
b4bqa,acc,0.9012276785714286,meta-llama-Meta-Llama-3-70B
b4bqa,acc_stderr,0.007049967229617683,meta-llama-Meta-Llama-3-70B
b4bqa,acc_norm,0.9012276785714286,meta-llama-Meta-Llama-3-70B
b4bqa,acc_norm_stderr,0.007049967229617683,meta-llama-Meta-Llama-3-70B
medmcqa_g2b,acc,0.6666666666666666,meta-llama-Meta-Llama-3-70B
medmcqa_g2b,acc_stderr,0.025306320600037485,meta-llama-Meta-Llama-3-70B
medmcqa_g2b,acc_norm,0.6666666666666666,meta-llama-Meta-Llama-3-70B
medmcqa_g2b,acc_norm_stderr,0.025306320600037485,meta-llama-Meta-Llama-3-70B
medmcqa_orig_filtered,acc,0.7816091954022989,meta-llama-Meta-Llama-3-70B
medmcqa_orig_filtered,acc_stderr,0.02217927096875997,meta-llama-Meta-Llama-3-70B
medmcqa_orig_filtered,acc_norm,0.7816091954022989,meta-llama-Meta-Llama-3-70B
medmcqa_orig_filtered,acc_norm_stderr,0.02217927096875997,meta-llama-Meta-Llama-3-70B
medqa_4options_g2b,acc,0.7275132275132276,meta-llama-Meta-Llama-3-70B
medqa_4options_g2b,acc_stderr,0.022930973071633363,meta-llama-Meta-Llama-3-70B
medqa_4options_g2b,acc_norm,0.7275132275132276,meta-llama-Meta-Llama-3-70B
medqa_4options_g2b,acc_norm_stderr,0.022930973071633363,meta-llama-Meta-Llama-3-70B
medqa_4options_orig_filtered,acc,0.7513227513227513,meta-llama-Meta-Llama-3-70B
medqa_4options_orig_filtered,acc_stderr,0.022261817692400168,meta-llama-Meta-Llama-3-70B
medqa_4options_orig_filtered,acc_norm,0.7513227513227513,meta-llama-Meta-Llama-3-70B
medqa_4options_orig_filtered,acc_norm_stderr,0.022261817692400168,meta-llama-Meta-Llama-3-70B
b4b,acc,0.8255240443896424,meta-llama-Meta-Llama-3-70B
b4b,acc_stderr,0.07700722588574725,meta-llama-Meta-Llama-3-70B
b4b,acc_norm,0.8255240443896424,meta-llama-Meta-Llama-3-70B
b4b,acc_norm_stderr,0.07700722588574725,meta-llama-Meta-Llama-3-70B
b4bqa,acc,0.9012276785714286,meta-llama-Meta-Llama-3-70B
b4bqa,acc_stderr,0.007049967229617683,meta-llama-Meta-Llama-3-70B
b4bqa,acc_norm,0.9012276785714286,meta-llama-Meta-Llama-3-70B
b4bqa,acc_norm_stderr,0.007049967229617683,meta-llama-Meta-Llama-3-70B
medmcqa_g2b,acc,0.6666666666666666,meta-llama-Meta-Llama-3-70B
medmcqa_g2b,acc_stderr,0.025306320600037485,meta-llama-Meta-Llama-3-70B
medmcqa_g2b,acc_norm,0.6666666666666666,meta-llama-Meta-Llama-3-70B
medmcqa_g2b,acc_norm_stderr,0.025306320600037485,meta-llama-Meta-Llama-3-70B
medmcqa_orig_filtered,acc,0.7816091954022989,meta-llama-Meta-Llama-3-70B
medmcqa_orig_filtered,acc_stderr,0.02217927096875997,meta-llama-Meta-Llama-3-70B
medmcqa_orig_filtered,acc_norm,0.7816091954022989,meta-llama-Meta-Llama-3-70B
medmcqa_orig_filtered,acc_norm_stderr,0.02217927096875997,meta-llama-Meta-Llama-3-70B
medqa_4options_g2b,acc,0.7275132275132276,meta-llama-Meta-Llama-3-70B
medqa_4options_g2b,acc_stderr,0.022930973071633363,meta-llama-Meta-Llama-3-70B
medqa_4options_g2b,acc_norm,0.7275132275132276,meta-llama-Meta-Llama-3-70B
medqa_4options_g2b,acc_norm_stderr,0.022930973071633363,meta-llama-Meta-Llama-3-70B
medqa_4options_orig_filtered,acc,0.7513227513227513,meta-llama-Meta-Llama-3-70B
medqa_4options_orig_filtered,acc_stderr,0.022261817692400168,meta-llama-Meta-Llama-3-70B
medqa_4options_orig_filtered,acc_norm,0.7513227513227513,meta-llama-Meta-Llama-3-70B
medqa_4options_orig_filtered,acc_norm_stderr,0.022261817692400168,meta-llama-Meta-Llama-3-70B
b4b,acc,0.7241060419235512,CohereForAI-c4ai-command-r-plus
b4b,acc_stderr,0.12287593035527263,CohereForAI-c4ai-command-r-plus
b4b,acc_norm,0.7241060419235512,CohereForAI-c4ai-command-r-plus
b4b,acc_norm_stderr,0.12287593035527263,CohereForAI-c4ai-command-r-plus
b4bqa,acc,0.8493303571428571,CohereForAI-c4ai-command-r-plus
b4bqa,acc_stderr,0.00845285482249418,CohereForAI-c4ai-command-r-plus
b4bqa,acc_norm,0.8493303571428571,CohereForAI-c4ai-command-r-plus
b4bqa,acc_norm_stderr,0.00845285482249418,CohereForAI-c4ai-command-r-plus
medmcqa_g2b,acc,0.49137931034482757,CohereForAI-c4ai-command-r-plus
medmcqa_g2b,acc_stderr,0.026837416550737143,CohereForAI-c4ai-command-r-plus
medmcqa_g2b,acc_norm,0.49137931034482757,CohereForAI-c4ai-command-r-plus
medmcqa_g2b,acc_norm_stderr,0.026837416550737143,CohereForAI-c4ai-command-r-plus
medmcqa_orig_filtered,acc,0.6149425287356322,CohereForAI-c4ai-command-r-plus
medmcqa_orig_filtered,acc_stderr,0.026122534084516178,CohereForAI-c4ai-command-r-plus
medmcqa_orig_filtered,acc_norm,0.6149425287356322,CohereForAI-c4ai-command-r-plus
medmcqa_orig_filtered,acc_norm_stderr,0.026122534084516178,CohereForAI-c4ai-command-r-plus
medqa_4options_g2b,acc,0.5661375661375662,CohereForAI-c4ai-command-r-plus
medqa_4options_g2b,acc_stderr,0.0255250343824749,CohereForAI-c4ai-command-r-plus
medqa_4options_g2b,acc_norm,0.5661375661375662,CohereForAI-c4ai-command-r-plus
medqa_4options_g2b,acc_norm_stderr,0.0255250343824749,CohereForAI-c4ai-command-r-plus
medqa_4options_orig_filtered,acc,0.6031746031746031,CohereForAI-c4ai-command-r-plus
medqa_4options_orig_filtered,acc_stderr,0.025197101074246483,CohereForAI-c4ai-command-r-plus
medqa_4options_orig_filtered,acc_norm,0.6031746031746031,CohereForAI-c4ai-command-r-plus
medqa_4options_orig_filtered,acc_norm_stderr,0.025197101074246483,CohereForAI-c4ai-command-r-plus
b4b,acc,0.7241060419235512,CohereForAI-c4ai-command-r-plus
b4b,acc_stderr,0.12287593035527263,CohereForAI-c4ai-command-r-plus
b4b,acc_norm,0.7241060419235512,CohereForAI-c4ai-command-r-plus
b4b,acc_norm_stderr,0.12287593035527263,CohereForAI-c4ai-command-r-plus
b4bqa,acc,0.8493303571428571,CohereForAI-c4ai-command-r-plus
b4bqa,acc_stderr,0.00845285482249418,CohereForAI-c4ai-command-r-plus
b4bqa,acc_norm,0.8493303571428571,CohereForAI-c4ai-command-r-plus
b4bqa,acc_norm_stderr,0.00845285482249418,CohereForAI-c4ai-command-r-plus
medmcqa_g2b,acc,0.49137931034482757,CohereForAI-c4ai-command-r-plus
medmcqa_g2b,acc_stderr,0.026837416550737143,CohereForAI-c4ai-command-r-plus
medmcqa_g2b,acc_norm,0.49137931034482757,CohereForAI-c4ai-command-r-plus
medmcqa_g2b,acc_norm_stderr,0.026837416550737143,CohereForAI-c4ai-command-r-plus
medmcqa_orig_filtered,acc,0.6149425287356322,CohereForAI-c4ai-command-r-plus
medmcqa_orig_filtered,acc_stderr,0.026122534084516178,CohereForAI-c4ai-command-r-plus
medmcqa_orig_filtered,acc_norm,0.6149425287356322,CohereForAI-c4ai-command-r-plus
medmcqa_orig_filtered,acc_norm_stderr,0.026122534084516178,CohereForAI-c4ai-command-r-plus
medqa_4options_g2b,acc,0.5661375661375662,CohereForAI-c4ai-command-r-plus
medqa_4options_g2b,acc_stderr,0.0255250343824749,CohereForAI-c4ai-command-r-plus
medqa_4options_g2b,acc_norm,0.5661375661375662,CohereForAI-c4ai-command-r-plus
medqa_4options_g2b,acc_norm_stderr,0.0255250343824749,CohereForAI-c4ai-command-r-plus
medqa_4options_orig_filtered,acc,0.6031746031746031,CohereForAI-c4ai-command-r-plus
medqa_4options_orig_filtered,acc_stderr,0.025197101074246483,CohereForAI-c4ai-command-r-plus
medqa_4options_orig_filtered,acc_norm,0.6031746031746031,CohereForAI-c4ai-command-r-plus
medqa_4options_orig_filtered,acc_norm_stderr,0.025197101074246483,CohereForAI-c4ai-command-r-plus
b4b,acc,0.657213316892725,CohereForAI-aya-23-35B
b4b,acc_stderr,0.12271990860540663,CohereForAI-aya-23-35B
b4b,acc_norm,0.657213316892725,CohereForAI-aya-23-35B
b4b,acc_norm_stderr,0.12271990860540663,CohereForAI-aya-23-35B
b4bqa,acc,0.7840401785714286,CohereForAI-aya-23-35B
b4bqa,acc_stderr,0.009723169269065642,CohereForAI-aya-23-35B
b4bqa,acc_norm,0.7840401785714286,CohereForAI-aya-23-35B
b4bqa,acc_norm_stderr,0.009723169269065642,CohereForAI-aya-23-35B
medmcqa_g2b,acc,0.48563218390804597,CohereForAI-aya-23-35B
medmcqa_g2b,acc_stderr,0.026830322100875627,CohereForAI-aya-23-35B
medmcqa_g2b,acc_norm,0.48563218390804597,CohereForAI-aya-23-35B
medmcqa_g2b,acc_norm_stderr,0.026830322100875627,CohereForAI-aya-23-35B
medmcqa_orig_filtered,acc,0.5287356321839081,CohereForAI-aya-23-35B
medmcqa_orig_filtered,acc_stderr,0.026797041830104146,CohereForAI-aya-23-35B
medmcqa_orig_filtered,acc_norm,0.5287356321839081,CohereForAI-aya-23-35B
medmcqa_orig_filtered,acc_norm_stderr,0.026797041830104146,CohereForAI-aya-23-35B
medqa_4options_g2b,acc,0.47883597883597884,CohereForAI-aya-23-35B
medqa_4options_g2b,acc_stderr,0.025728230952130723,CohereForAI-aya-23-35B
medqa_4options_g2b,acc_norm,0.47883597883597884,CohereForAI-aya-23-35B
medqa_4options_g2b,acc_norm_stderr,0.025728230952130723,CohereForAI-aya-23-35B
medqa_4options_orig_filtered,acc,0.5105820105820106,CohereForAI-aya-23-35B
medqa_4options_orig_filtered,acc_stderr,0.02574554227604548,CohereForAI-aya-23-35B
medqa_4options_orig_filtered,acc_norm,0.5105820105820106,CohereForAI-aya-23-35B
medqa_4options_orig_filtered,acc_norm_stderr,0.02574554227604548,CohereForAI-aya-23-35B
b4b,acc,0.657213316892725,CohereForAI-aya-23-35B
b4b,acc_stderr,0.12271990860540663,CohereForAI-aya-23-35B
b4b,acc_norm,0.657213316892725,CohereForAI-aya-23-35B
b4b,acc_norm_stderr,0.12271990860540663,CohereForAI-aya-23-35B
b4bqa,acc,0.7840401785714286,CohereForAI-aya-23-35B
b4bqa,acc_stderr,0.009723169269065642,CohereForAI-aya-23-35B
b4bqa,acc_norm,0.7840401785714286,CohereForAI-aya-23-35B
b4bqa,acc_norm_stderr,0.009723169269065642,CohereForAI-aya-23-35B
medmcqa_g2b,acc,0.48563218390804597,CohereForAI-aya-23-35B
medmcqa_g2b,acc_stderr,0.026830322100875627,CohereForAI-aya-23-35B
medmcqa_g2b,acc_norm,0.48563218390804597,CohereForAI-aya-23-35B
medmcqa_g2b,acc_norm_stderr,0.026830322100875627,CohereForAI-aya-23-35B
medmcqa_orig_filtered,acc,0.5287356321839081,CohereForAI-aya-23-35B
medmcqa_orig_filtered,acc_stderr,0.026797041830104146,CohereForAI-aya-23-35B
medmcqa_orig_filtered,acc_norm,0.5287356321839081,CohereForAI-aya-23-35B
medmcqa_orig_filtered,acc_norm_stderr,0.026797041830104146,CohereForAI-aya-23-35B
medqa_4options_g2b,acc,0.47883597883597884,CohereForAI-aya-23-35B
medqa_4options_g2b,acc_stderr,0.025728230952130723,CohereForAI-aya-23-35B
medqa_4options_g2b,acc_norm,0.47883597883597884,CohereForAI-aya-23-35B
medqa_4options_g2b,acc_norm_stderr,0.025728230952130723,CohereForAI-aya-23-35B
medqa_4options_orig_filtered,acc,0.5105820105820106,CohereForAI-aya-23-35B
medqa_4options_orig_filtered,acc_stderr,0.02574554227604548,CohereForAI-aya-23-35B
medqa_4options_orig_filtered,acc_norm,0.5105820105820106,CohereForAI-aya-23-35B
medqa_4options_orig_filtered,acc_norm_stderr,0.02574554227604548,CohereForAI-aya-23-35B
b4b,acc,0.8372379778051788,Qwen-Qwen2-72B
b4b,acc_stderr,0.07216098703042964,Qwen-Qwen2-72B
b4b,acc_norm,0.8372379778051788,Qwen-Qwen2-72B
b4b,acc_norm_stderr,0.07216098703042964,Qwen-Qwen2-72B
b4bqa,acc,0.91015625,Qwen-Qwen2-72B
b4bqa,acc_stderr,0.006757003132881115,Qwen-Qwen2-72B
b4bqa,acc_norm,0.91015625,Qwen-Qwen2-72B
b4bqa,acc_norm_stderr,0.006757003132881115,Qwen-Qwen2-72B
medmcqa_g2b,acc,0.7155172413793104,Qwen-Qwen2-72B
medmcqa_g2b,acc_stderr,0.024219952635630794,Qwen-Qwen2-72B
medmcqa_g2b,acc_norm,0.7155172413793104,Qwen-Qwen2-72B
medmcqa_g2b,acc_norm_stderr,0.024219952635630794,Qwen-Qwen2-72B
medmcqa_orig_filtered,acc,0.7787356321839081,Qwen-Qwen2-72B
medmcqa_orig_filtered,acc_stderr,0.02228363451068677,Qwen-Qwen2-72B
medmcqa_orig_filtered,acc_norm,0.7787356321839081,Qwen-Qwen2-72B
medmcqa_orig_filtered,acc_norm_stderr,0.02228363451068677,Qwen-Qwen2-72B
medqa_4options_g2b,acc,0.7407407407407407,Qwen-Qwen2-72B
medqa_4options_g2b,acc_stderr,0.022569897074918417,Qwen-Qwen2-72B
medqa_4options_g2b,acc_norm,0.7407407407407407,Qwen-Qwen2-72B
medqa_4options_g2b,acc_norm_stderr,0.022569897074918417,Qwen-Qwen2-72B
medqa_4options_orig_filtered,acc,0.753968253968254,Qwen-Qwen2-72B
medqa_4options_orig_filtered,acc_stderr,0.022182037202948368,Qwen-Qwen2-72B
medqa_4options_orig_filtered,acc_norm,0.753968253968254,Qwen-Qwen2-72B
medqa_4options_orig_filtered,acc_norm_stderr,0.022182037202948368,Qwen-Qwen2-72B
b4b,acc,0.8372379778051788,Qwen-Qwen2-72B
b4b,acc_stderr,0.07216098703042964,Qwen-Qwen2-72B
b4b,acc_norm,0.8372379778051788,Qwen-Qwen2-72B
b4b,acc_norm_stderr,0.07216098703042964,Qwen-Qwen2-72B
b4bqa,acc,0.91015625,Qwen-Qwen2-72B
b4bqa,acc_stderr,0.006757003132881115,Qwen-Qwen2-72B
b4bqa,acc_norm,0.91015625,Qwen-Qwen2-72B
b4bqa,acc_norm_stderr,0.006757003132881115,Qwen-Qwen2-72B
medmcqa_g2b,acc,0.7155172413793104,Qwen-Qwen2-72B
medmcqa_g2b,acc_stderr,0.024219952635630794,Qwen-Qwen2-72B
medmcqa_g2b,acc_norm,0.7155172413793104,Qwen-Qwen2-72B
medmcqa_g2b,acc_norm_stderr,0.024219952635630794,Qwen-Qwen2-72B
medmcqa_orig_filtered,acc,0.7787356321839081,Qwen-Qwen2-72B
medmcqa_orig_filtered,acc_stderr,0.02228363451068677,Qwen-Qwen2-72B
medmcqa_orig_filtered,acc_norm,0.7787356321839081,Qwen-Qwen2-72B
medmcqa_orig_filtered,acc_norm_stderr,0.02228363451068677,Qwen-Qwen2-72B
medqa_4options_g2b,acc,0.7407407407407407,Qwen-Qwen2-72B
medqa_4options_g2b,acc_stderr,0.022569897074918417,Qwen-Qwen2-72B
medqa_4options_g2b,acc_norm,0.7407407407407407,Qwen-Qwen2-72B
medqa_4options_g2b,acc_norm_stderr,0.022569897074918417,Qwen-Qwen2-72B
medqa_4options_orig_filtered,acc,0.753968253968254,Qwen-Qwen2-72B
medqa_4options_orig_filtered,acc_stderr,0.022182037202948368,Qwen-Qwen2-72B
medqa_4options_orig_filtered,acc_norm,0.753968253968254,Qwen-Qwen2-72B
medqa_4options_orig_filtered,acc_norm_stderr,0.022182037202948368,Qwen-Qwen2-72B
b4b,acc,0.7028360049321827,Qwen-Qwen2-7B
b4b,acc_stderr,0.1004832322485701,Qwen-Qwen2-7B
b4b,acc_norm,0.7028360049321827,Qwen-Qwen2-7B
b4b,acc_norm_stderr,0.1004832322485701,Qwen-Qwen2-7B
b4bqa,acc,0.8041294642857143,Qwen-Qwen2-7B
b4bqa,acc_stderr,0.009377773744245437,Qwen-Qwen2-7B
b4bqa,acc_norm,0.8041294642857143,Qwen-Qwen2-7B
b4bqa,acc_norm_stderr,0.009377773744245437,Qwen-Qwen2-7B
medmcqa_g2b,acc,0.5517241379310345,Qwen-Qwen2-7B
medmcqa_g2b,acc_stderr,0.02669739777037782,Qwen-Qwen2-7B
medmcqa_g2b,acc_norm,0.5517241379310345,Qwen-Qwen2-7B
medmcqa_g2b,acc_norm_stderr,0.02669739777037782,Qwen-Qwen2-7B
medmcqa_orig_filtered,acc,0.6350574712643678,Qwen-Qwen2-7B
medmcqa_orig_filtered,acc_stderr,0.025843659831273274,Qwen-Qwen2-7B
medmcqa_orig_filtered,acc_norm,0.6350574712643678,Qwen-Qwen2-7B
medmcqa_orig_filtered,acc_norm_stderr,0.025843659831273274,Qwen-Qwen2-7B
medqa_4options_g2b,acc,0.5370370370370371,Qwen-Qwen2-7B
medqa_4options_g2b,acc_stderr,0.025680564640056882,Qwen-Qwen2-7B
medqa_4options_g2b,acc_norm,0.5370370370370371,Qwen-Qwen2-7B
medqa_4options_g2b,acc_norm_stderr,0.025680564640056882,Qwen-Qwen2-7B
medqa_4options_orig_filtered,acc,0.58994708994709,Qwen-Qwen2-7B
medqa_4options_orig_filtered,acc_stderr,0.025331202438944444,Qwen-Qwen2-7B
medqa_4options_orig_filtered,acc_norm,0.58994708994709,Qwen-Qwen2-7B
medqa_4options_orig_filtered,acc_norm_stderr,0.025331202438944444,Qwen-Qwen2-7B
b4b,acc,0.7028360049321827,Qwen-Qwen2-7B
b4b,acc_stderr,0.1004832322485701,Qwen-Qwen2-7B
b4b,acc_norm,0.7028360049321827,Qwen-Qwen2-7B
b4b,acc_norm_stderr,0.1004832322485701,Qwen-Qwen2-7B
b4bqa,acc,0.8041294642857143,Qwen-Qwen2-7B
b4bqa,acc_stderr,0.009377773744245437,Qwen-Qwen2-7B
b4bqa,acc_norm,0.8041294642857143,Qwen-Qwen2-7B
b4bqa,acc_norm_stderr,0.009377773744245437,Qwen-Qwen2-7B
medmcqa_g2b,acc,0.5517241379310345,Qwen-Qwen2-7B
medmcqa_g2b,acc_stderr,0.02669739777037782,Qwen-Qwen2-7B
medmcqa_g2b,acc_norm,0.5517241379310345,Qwen-Qwen2-7B
medmcqa_g2b,acc_norm_stderr,0.02669739777037782,Qwen-Qwen2-7B
medmcqa_orig_filtered,acc,0.6350574712643678,Qwen-Qwen2-7B
medmcqa_orig_filtered,acc_stderr,0.025843659831273274,Qwen-Qwen2-7B
medmcqa_orig_filtered,acc_norm,0.6350574712643678,Qwen-Qwen2-7B
medmcqa_orig_filtered,acc_norm_stderr,0.025843659831273274,Qwen-Qwen2-7B
medqa_4options_g2b,acc,0.5370370370370371,Qwen-Qwen2-7B
medqa_4options_g2b,acc_stderr,0.025680564640056882,Qwen-Qwen2-7B
medqa_4options_g2b,acc_norm,0.5370370370370371,Qwen-Qwen2-7B
medqa_4options_g2b,acc_norm_stderr,0.025680564640056882,Qwen-Qwen2-7B
medqa_4options_orig_filtered,acc,0.58994708994709,Qwen-Qwen2-7B
medqa_4options_orig_filtered,acc_stderr,0.025331202438944444,Qwen-Qwen2-7B
medqa_4options_orig_filtered,acc_norm,0.58994708994709,Qwen-Qwen2-7B
medqa_4options_orig_filtered,acc_norm_stderr,0.025331202438944444,Qwen-Qwen2-7B
