Dataset,Metric,Value,Model,Direction
b4b,acc,0.2117755856966707,microsoft-phi-1,none
b4b,acc_stderr,0.0245708634894096,microsoft-phi-1,none
b4b,acc_norm,0.2117755856966707,microsoft-phi-1,none
b4b,acc_norm_stderr,0.0245708634894096,microsoft-phi-1,none
b4bqa,acc,0.1964285714285714,microsoft-phi-1,none
b4bqa,acc_stderr,0.0093878637859167,microsoft-phi-1,none
b4bqa,acc_norm,0.1964285714285714,microsoft-phi-1,none
b4bqa,acc_norm_stderr,0.0093878637859167,microsoft-phi-1,none
medmcqa,acc,0.2413793103448276,microsoft-phi-1,generic_to_brand
medmcqa,acc_stderr,0.0229719374525437,microsoft-phi-1,generic_to_brand
medmcqa,acc_norm,0.2413793103448276,microsoft-phi-1,generic_to_brand
medmcqa,acc_norm_stderr,0.0229719374525437,microsoft-phi-1,generic_to_brand
medmcqa,acc,0.2586206896551724,microsoft-phi-1,none
medmcqa,acc_stderr,0.0235064543553796,microsoft-phi-1,none
medmcqa,acc_norm,0.2586206896551724,microsoft-phi-1,none
medmcqa,acc_norm_stderr,0.0235064543553796,microsoft-phi-1,none
medqa_4options,acc,0.2169312169312169,microsoft-phi-1,generic_to_brand
medqa_4options,acc_stderr,0.021227082449445,microsoft-phi-1,generic_to_brand
medqa_4options,acc_norm,0.2169312169312169,microsoft-phi-1,generic_to_brand
medqa_4options,acc_norm_stderr,0.021227082449445,microsoft-phi-1,generic_to_brand
medqa_4options,acc,0.2089947089947089,microsoft-phi-1,none
medqa_4options,acc_stderr,0.0209404815653348,microsoft-phi-1,none
medqa_4options,acc_norm,0.2089947089947089,microsoft-phi-1,none
medqa_4options,acc_norm_stderr,0.0209404815653348,microsoft-phi-1,none
b4b,acc,0.2117755856966707,microsoft-phi-1,none
b4b,acc_stderr,0.0245708634894096,microsoft-phi-1,none
b4b,acc_norm,0.2117755856966707,microsoft-phi-1,none
b4b,acc_norm_stderr,0.0245708634894096,microsoft-phi-1,none
b4bqa,acc,0.1964285714285714,microsoft-phi-1,none
b4bqa,acc_stderr,0.0093878637859167,microsoft-phi-1,none
b4bqa,acc_norm,0.1964285714285714,microsoft-phi-1,none
b4bqa,acc_norm_stderr,0.0093878637859167,microsoft-phi-1,none
medmcqa,acc,0.2413793103448276,microsoft-phi-1,generic_to_brand
medmcqa,acc_stderr,0.0229719374525437,microsoft-phi-1,generic_to_brand
medmcqa,acc_norm,0.2413793103448276,microsoft-phi-1,generic_to_brand
medmcqa,acc_norm_stderr,0.0229719374525437,microsoft-phi-1,generic_to_brand
medmcqa,acc,0.2586206896551724,microsoft-phi-1,none
medmcqa,acc_stderr,0.0235064543553796,microsoft-phi-1,none
medmcqa,acc_norm,0.2586206896551724,microsoft-phi-1,none
medmcqa,acc_norm_stderr,0.0235064543553796,microsoft-phi-1,none
medqa_4options,acc,0.2169312169312169,microsoft-phi-1,generic_to_brand
medqa_4options,acc_stderr,0.021227082449445,microsoft-phi-1,generic_to_brand
medqa_4options,acc_norm,0.2169312169312169,microsoft-phi-1,generic_to_brand
medqa_4options,acc_norm_stderr,0.021227082449445,microsoft-phi-1,generic_to_brand
medqa_4options,acc,0.2089947089947089,microsoft-phi-1,none
medqa_4options,acc_stderr,0.0209404815653348,microsoft-phi-1,none
medqa_4options,acc_norm,0.2089947089947089,microsoft-phi-1,none
medqa_4options,acc_norm_stderr,0.0209404815653348,microsoft-phi-1,none
b4b,acc,0.3024044389642417,microsoft-phi-1_5,none
b4b,acc_stderr,0.0303350298237928,microsoft-phi-1_5,none
b4b,acc_norm,0.3024044389642417,microsoft-phi-1_5,none
b4b,acc_norm_stderr,0.0303350298237928,microsoft-phi-1_5,none
b4bqa,acc,0.2801339285714285,microsoft-phi-1_5,none
b4bqa,acc_stderr,0.0106111124140511,microsoft-phi-1_5,none
b4bqa,acc_norm,0.2801339285714285,microsoft-phi-1_5,none
b4bqa,acc_norm_stderr,0.0106111124140511,microsoft-phi-1_5,none
medmcqa,acc,0.3160919540229885,microsoft-phi-1_5,generic_to_brand
medmcqa,acc_stderr,0.0249597849821312,microsoft-phi-1_5,generic_to_brand
medmcqa,acc_norm,0.3160919540229885,microsoft-phi-1_5,generic_to_brand
medmcqa,acc_norm_stderr,0.0249597849821312,microsoft-phi-1_5,generic_to_brand
medmcqa,acc,0.3045977011494253,microsoft-phi-1_5,none
medmcqa,acc_stderr,0.0247068076586161,microsoft-phi-1_5,none
medmcqa,acc_norm,0.3045977011494253,microsoft-phi-1_5,none
medmcqa,acc_norm_stderr,0.0247068076586161,microsoft-phi-1_5,none
medqa_4options,acc,0.3492063492063492,microsoft-phi-1_5,generic_to_brand
medqa_4options,acc_stderr,0.0245522922093426,microsoft-phi-1_5,generic_to_brand
medqa_4options,acc_norm,0.3492063492063492,microsoft-phi-1_5,generic_to_brand
medqa_4options,acc_norm_stderr,0.0245522922093426,microsoft-phi-1_5,generic_to_brand
medqa_4options,acc,0.3465608465608465,microsoft-phi-1_5,none
medqa_4options,acc_stderr,0.0245087775210284,microsoft-phi-1_5,none
medqa_4options,acc_norm,0.3465608465608465,microsoft-phi-1_5,none
medqa_4options,acc_norm_stderr,0.0245087775210284,microsoft-phi-1_5,none
b4b,acc,0.3024044389642417,microsoft-phi-1_5,none
b4b,acc_stderr,0.0303350298237928,microsoft-phi-1_5,none
b4b,acc_norm,0.3024044389642417,microsoft-phi-1_5,none
b4b,acc_norm_stderr,0.0303350298237928,microsoft-phi-1_5,none
b4bqa,acc,0.2801339285714285,microsoft-phi-1_5,none
b4bqa,acc_stderr,0.0106111124140511,microsoft-phi-1_5,none
b4bqa,acc_norm,0.2801339285714285,microsoft-phi-1_5,none
b4bqa,acc_norm_stderr,0.0106111124140511,microsoft-phi-1_5,none
medmcqa,acc,0.3160919540229885,microsoft-phi-1_5,generic_to_brand
medmcqa,acc_stderr,0.0249597849821312,microsoft-phi-1_5,generic_to_brand
medmcqa,acc_norm,0.3160919540229885,microsoft-phi-1_5,generic_to_brand
medmcqa,acc_norm_stderr,0.0249597849821312,microsoft-phi-1_5,generic_to_brand
medmcqa,acc,0.3045977011494253,microsoft-phi-1_5,none
medmcqa,acc_stderr,0.0247068076586161,microsoft-phi-1_5,none
medmcqa,acc_norm,0.3045977011494253,microsoft-phi-1_5,none
medmcqa,acc_norm_stderr,0.0247068076586161,microsoft-phi-1_5,none
medqa_4options,acc,0.3492063492063492,microsoft-phi-1_5,generic_to_brand
medqa_4options,acc_stderr,0.0245522922093426,microsoft-phi-1_5,generic_to_brand
medqa_4options,acc_norm,0.3492063492063492,microsoft-phi-1_5,generic_to_brand
medqa_4options,acc_norm_stderr,0.0245522922093426,microsoft-phi-1_5,generic_to_brand
medqa_4options,acc,0.3465608465608465,microsoft-phi-1_5,none
medqa_4options,acc_stderr,0.0245087775210284,microsoft-phi-1_5,none
medqa_4options,acc_norm,0.3465608465608465,microsoft-phi-1_5,none
medqa_4options,acc_norm_stderr,0.0245087775210284,microsoft-phi-1_5,none
b4b,acc,0.4479038224414303,microsoft-phi-2,none
b4b,acc_stderr,0.0343882858973779,microsoft-phi-2,none
b4b,acc_norm,0.4479038224414303,microsoft-phi-2,none
b4b,acc_norm_stderr,0.0343882858973779,microsoft-phi-2,none
b4bqa,acc,0.4748883928571428,microsoft-phi-2,none
b4bqa,acc_stderr,0.0117997768290012,microsoft-phi-2,none
b4bqa,acc_norm,0.4748883928571428,microsoft-phi-2,none
b4bqa,acc_norm_stderr,0.0117997768290012,microsoft-phi-2,none
medmcqa,acc,0.3764367816091954,microsoft-phi-2,generic_to_brand
medmcqa,acc_stderr,0.0260088729628564,microsoft-phi-2,generic_to_brand
medmcqa,acc_norm,0.3764367816091954,microsoft-phi-2,generic_to_brand
medmcqa,acc_norm_stderr,0.0260088729628564,microsoft-phi-2,generic_to_brand
medmcqa,acc,0.4224137931034483,microsoft-phi-2,none
medmcqa,acc_stderr,0.0265162872301328,microsoft-phi-2,none
medmcqa,acc_norm,0.4224137931034483,microsoft-phi-2,none
medmcqa,acc_norm_stderr,0.0265162872301328,microsoft-phi-2,none
medqa_4options,acc,0.4179894179894179,microsoft-phi-2,generic_to_brand
medqa_4options,acc_stderr,0.0254025555032609,microsoft-phi-2,generic_to_brand
medqa_4options,acc_norm,0.4179894179894179,microsoft-phi-2,generic_to_brand
medqa_4options,acc_norm_stderr,0.0254025555032609,microsoft-phi-2,generic_to_brand
medqa_4options,acc,0.4391534391534391,microsoft-phi-2,none
medqa_4options,acc_stderr,0.025559920550531,microsoft-phi-2,none
medqa_4options,acc_norm,0.4391534391534391,microsoft-phi-2,none
medqa_4options,acc_norm_stderr,0.025559920550531,microsoft-phi-2,none
b4b,acc,0.4479038224414303,microsoft-phi-2,none
b4b,acc_stderr,0.0343882858973779,microsoft-phi-2,none
b4b,acc_norm,0.4479038224414303,microsoft-phi-2,none
b4b,acc_norm_stderr,0.0343882858973779,microsoft-phi-2,none
b4bqa,acc,0.4748883928571428,microsoft-phi-2,none
b4bqa,acc_stderr,0.0117997768290012,microsoft-phi-2,none
b4bqa,acc_norm,0.4748883928571428,microsoft-phi-2,none
b4bqa,acc_norm_stderr,0.0117997768290012,microsoft-phi-2,none
medmcqa,acc,0.3764367816091954,microsoft-phi-2,generic_to_brand
medmcqa,acc_stderr,0.0260088729628564,microsoft-phi-2,generic_to_brand
medmcqa,acc_norm,0.3764367816091954,microsoft-phi-2,generic_to_brand
medmcqa,acc_norm_stderr,0.0260088729628564,microsoft-phi-2,generic_to_brand
medmcqa,acc,0.4224137931034483,microsoft-phi-2,none
medmcqa,acc_stderr,0.0265162872301328,microsoft-phi-2,none
medmcqa,acc_norm,0.4224137931034483,microsoft-phi-2,none
medmcqa,acc_norm_stderr,0.0265162872301328,microsoft-phi-2,none
medqa_4options,acc,0.4179894179894179,microsoft-phi-2,generic_to_brand
medqa_4options,acc_stderr,0.0254025555032609,microsoft-phi-2,generic_to_brand
medqa_4options,acc_norm,0.4179894179894179,microsoft-phi-2,generic_to_brand
medqa_4options,acc_norm_stderr,0.0254025555032609,microsoft-phi-2,generic_to_brand
medqa_4options,acc,0.4391534391534391,microsoft-phi-2,none
medqa_4options,acc_stderr,0.025559920550531,microsoft-phi-2,none
medqa_4options,acc_norm,0.4391534391534391,microsoft-phi-2,none
medqa_4options,acc_norm_stderr,0.025559920550531,microsoft-phi-2,none
b4b,acc,0.6593711467324291,microsoft-Phi-3-medium-4k-instruct,none
b4b,acc_stderr,0.0588240610414858,microsoft-Phi-3-medium-4k-instruct,none
b4b,acc_norm,0.6593711467324291,microsoft-Phi-3-medium-4k-instruct,none
b4b,acc_norm_stderr,0.0588240610414858,microsoft-Phi-3-medium-4k-instruct,none
b4bqa,acc,0.6997767857142857,microsoft-Phi-3-medium-4k-instruct,none
b4bqa,acc_stderr,0.0108306396828918,microsoft-Phi-3-medium-4k-instruct,none
b4bqa,acc_norm,0.6997767857142857,microsoft-Phi-3-medium-4k-instruct,none
b4bqa,acc_norm_stderr,0.0108306396828918,microsoft-Phi-3-medium-4k-instruct,none
medmcqa,acc,0.603448275862069,microsoft-Phi-3-medium-4k-instruct,generic_to_brand
medmcqa,acc_stderr,0.0262606341419337,microsoft-Phi-3-medium-4k-instruct,generic_to_brand
medmcqa,acc_norm,0.603448275862069,microsoft-Phi-3-medium-4k-instruct,generic_to_brand
medmcqa,acc_norm_stderr,0.0262606341419337,microsoft-Phi-3-medium-4k-instruct,generic_to_brand
medmcqa,acc,0.7241379310344828,microsoft-Phi-3-medium-4k-instruct,none
medmcqa,acc_stderr,0.0239934061469983,microsoft-Phi-3-medium-4k-instruct,none
medmcqa,acc_norm,0.7241379310344828,microsoft-Phi-3-medium-4k-instruct,none
medmcqa,acc_norm_stderr,0.0239934061469983,microsoft-Phi-3-medium-4k-instruct,none
medqa_4options,acc,0.5343915343915344,microsoft-Phi-3-medium-4k-instruct,generic_to_brand
medqa_4options,acc_stderr,0.0256903217624938,microsoft-Phi-3-medium-4k-instruct,generic_to_brand
medqa_4options,acc_norm,0.5343915343915344,microsoft-Phi-3-medium-4k-instruct,generic_to_brand
medqa_4options,acc_norm_stderr,0.0256903217624938,microsoft-Phi-3-medium-4k-instruct,generic_to_brand
medqa_4options,acc,0.5846560846560847,microsoft-Phi-3-medium-4k-instruct,none
medqa_4options,acc_stderr,0.0253795249107783,microsoft-Phi-3-medium-4k-instruct,none
medqa_4options,acc_norm,0.5846560846560847,microsoft-Phi-3-medium-4k-instruct,none
medqa_4options,acc_norm_stderr,0.0253795249107783,microsoft-Phi-3-medium-4k-instruct,none
b4b,acc,0.6593711467324291,microsoft-Phi-3-medium-4k-instruct,none
b4b,acc_stderr,0.0588240610414858,microsoft-Phi-3-medium-4k-instruct,none
b4b,acc_norm,0.6593711467324291,microsoft-Phi-3-medium-4k-instruct,none
b4b,acc_norm_stderr,0.0588240610414858,microsoft-Phi-3-medium-4k-instruct,none
b4bqa,acc,0.6997767857142857,microsoft-Phi-3-medium-4k-instruct,none
b4bqa,acc_stderr,0.0108306396828918,microsoft-Phi-3-medium-4k-instruct,none
b4bqa,acc_norm,0.6997767857142857,microsoft-Phi-3-medium-4k-instruct,none
b4bqa,acc_norm_stderr,0.0108306396828918,microsoft-Phi-3-medium-4k-instruct,none
medmcqa,acc,0.603448275862069,microsoft-Phi-3-medium-4k-instruct,generic_to_brand
medmcqa,acc_stderr,0.0262606341419337,microsoft-Phi-3-medium-4k-instruct,generic_to_brand
medmcqa,acc_norm,0.603448275862069,microsoft-Phi-3-medium-4k-instruct,generic_to_brand
medmcqa,acc_norm_stderr,0.0262606341419337,microsoft-Phi-3-medium-4k-instruct,generic_to_brand
medmcqa,acc,0.7241379310344828,microsoft-Phi-3-medium-4k-instruct,none
medmcqa,acc_stderr,0.0239934061469983,microsoft-Phi-3-medium-4k-instruct,none
medmcqa,acc_norm,0.7241379310344828,microsoft-Phi-3-medium-4k-instruct,none
medmcqa,acc_norm_stderr,0.0239934061469983,microsoft-Phi-3-medium-4k-instruct,none
medqa_4options,acc,0.5343915343915344,microsoft-Phi-3-medium-4k-instruct,generic_to_brand
medqa_4options,acc_stderr,0.0256903217624938,microsoft-Phi-3-medium-4k-instruct,generic_to_brand
medqa_4options,acc_norm,0.5343915343915344,microsoft-Phi-3-medium-4k-instruct,generic_to_brand
medqa_4options,acc_norm_stderr,0.0256903217624938,microsoft-Phi-3-medium-4k-instruct,generic_to_brand
medqa_4options,acc,0.5846560846560847,microsoft-Phi-3-medium-4k-instruct,none
medqa_4options,acc_stderr,0.0253795249107783,microsoft-Phi-3-medium-4k-instruct,none
medqa_4options,acc_norm,0.5846560846560847,microsoft-Phi-3-medium-4k-instruct,none
medqa_4options,acc_norm_stderr,0.0253795249107783,microsoft-Phi-3-medium-4k-instruct,none
b4b,acc,0.6199136868064118,mistralai-Mistral-7B-v0.3,none
b4b,acc_stderr,0.0837373393352743,mistralai-Mistral-7B-v0.3,none
b4b,acc_norm,0.6199136868064118,mistralai-Mistral-7B-v0.3,none
b4b,acc_norm_stderr,0.0837373393352743,mistralai-Mistral-7B-v0.3,none
b4bqa,acc,0.703125,mistralai-Mistral-7B-v0.3,none
b4bqa,acc_stderr,0.0107958114376822,mistralai-Mistral-7B-v0.3,none
b4bqa,acc_norm,0.703125,mistralai-Mistral-7B-v0.3,none
b4bqa,acc_norm_stderr,0.0107958114376822,mistralai-Mistral-7B-v0.3,none
medmcqa,acc,0.4827586206896552,mistralai-Mistral-7B-v0.3,generic_to_brand
medmcqa,acc_stderr,0.0268254435782248,mistralai-Mistral-7B-v0.3,generic_to_brand
medmcqa,acc_norm,0.4827586206896552,mistralai-Mistral-7B-v0.3,generic_to_brand
medmcqa,acc_norm_stderr,0.0268254435782248,mistralai-Mistral-7B-v0.3,generic_to_brand
medmcqa,acc,0.5689655172413793,mistralai-Mistral-7B-v0.3,none
medmcqa,acc_stderr,0.0265848517803536,mistralai-Mistral-7B-v0.3,none
medmcqa,acc_norm,0.5689655172413793,mistralai-Mistral-7B-v0.3,none
medmcqa,acc_norm_stderr,0.0265848517803536,mistralai-Mistral-7B-v0.3,none
medqa_4options,acc,0.4867724867724867,mistralai-Mistral-7B-v0.3,generic_to_brand
medqa_4options,acc_stderr,0.0257422972895751,mistralai-Mistral-7B-v0.3,generic_to_brand
medqa_4options,acc_norm,0.4867724867724867,mistralai-Mistral-7B-v0.3,generic_to_brand
medqa_4options,acc_norm_stderr,0.0257422972895751,mistralai-Mistral-7B-v0.3,generic_to_brand
medqa_4options,acc,0.5317460317460317,mistralai-Mistral-7B-v0.3,none
medqa_4options,acc_stderr,0.0256993528321318,mistralai-Mistral-7B-v0.3,none
medqa_4options,acc_norm,0.5317460317460317,mistralai-Mistral-7B-v0.3,none
medqa_4options,acc_norm_stderr,0.0256993528321318,mistralai-Mistral-7B-v0.3,none
b4b,acc,0.6199136868064118,mistralai-Mistral-7B-v0.3,none
b4b,acc_stderr,0.0837373393352743,mistralai-Mistral-7B-v0.3,none
b4b,acc_norm,0.6199136868064118,mistralai-Mistral-7B-v0.3,none
b4b,acc_norm_stderr,0.0837373393352743,mistralai-Mistral-7B-v0.3,none
b4bqa,acc,0.703125,mistralai-Mistral-7B-v0.3,none
b4bqa,acc_stderr,0.0107958114376822,mistralai-Mistral-7B-v0.3,none
b4bqa,acc_norm,0.703125,mistralai-Mistral-7B-v0.3,none
b4bqa,acc_norm_stderr,0.0107958114376822,mistralai-Mistral-7B-v0.3,none
medmcqa,acc,0.4827586206896552,mistralai-Mistral-7B-v0.3,generic_to_brand
medmcqa,acc_stderr,0.0268254435782248,mistralai-Mistral-7B-v0.3,generic_to_brand
medmcqa,acc_norm,0.4827586206896552,mistralai-Mistral-7B-v0.3,generic_to_brand
medmcqa,acc_norm_stderr,0.0268254435782248,mistralai-Mistral-7B-v0.3,generic_to_brand
medmcqa,acc,0.5689655172413793,mistralai-Mistral-7B-v0.3,none
medmcqa,acc_stderr,0.0265848517803536,mistralai-Mistral-7B-v0.3,none
medmcqa,acc_norm,0.5689655172413793,mistralai-Mistral-7B-v0.3,none
medmcqa,acc_norm_stderr,0.0265848517803536,mistralai-Mistral-7B-v0.3,none
medqa_4options,acc,0.4867724867724867,mistralai-Mistral-7B-v0.3,generic_to_brand
medqa_4options,acc_stderr,0.0257422972895751,mistralai-Mistral-7B-v0.3,generic_to_brand
medqa_4options,acc_norm,0.4867724867724867,mistralai-Mistral-7B-v0.3,generic_to_brand
medqa_4options,acc_norm_stderr,0.0257422972895751,mistralai-Mistral-7B-v0.3,generic_to_brand
medqa_4options,acc,0.5317460317460317,mistralai-Mistral-7B-v0.3,none
medqa_4options,acc_stderr,0.0256993528321318,mistralai-Mistral-7B-v0.3,none
medqa_4options,acc_norm,0.5317460317460317,mistralai-Mistral-7B-v0.3,none
medqa_4options,acc_norm_stderr,0.0256993528321318,mistralai-Mistral-7B-v0.3,none
b4b,acc,0.3600493218249075,meta-llama-Llama-2-7b-hf,none
b4b,acc_stderr,0.0218163043882725,meta-llama-Llama-2-7b-hf,none
b4b,acc_norm,0.3600493218249075,meta-llama-Llama-2-7b-hf,none
b4b,acc_norm_stderr,0.0218163043882725,meta-llama-Llama-2-7b-hf,none
b4bqa,acc,0.3683035714285714,meta-llama-Llama-2-7b-hf,none
b4bqa,acc_stderr,0.0113974942807729,meta-llama-Llama-2-7b-hf,none
b4bqa,acc_norm,0.3683035714285714,meta-llama-Llama-2-7b-hf,none
b4bqa,acc_norm_stderr,0.0113974942807729,meta-llama-Llama-2-7b-hf,none
medmcqa,acc,0.3390804597701149,meta-llama-Llama-2-7b-hf,generic_to_brand
medmcqa,acc_stderr,0.0254132928054732,meta-llama-Llama-2-7b-hf,generic_to_brand
medmcqa,acc_norm,0.3390804597701149,meta-llama-Llama-2-7b-hf,generic_to_brand
medmcqa,acc_norm_stderr,0.0254132928054732,meta-llama-Llama-2-7b-hf,generic_to_brand
medmcqa,acc,0.3419540229885057,meta-llama-Llama-2-7b-hf,none
medmcqa,acc_stderr,0.0254652087433315,meta-llama-Llama-2-7b-hf,none
medmcqa,acc_norm,0.3419540229885057,meta-llama-Llama-2-7b-hf,none
medmcqa,acc_norm_stderr,0.0254652087433315,meta-llama-Llama-2-7b-hf,none
medqa_4options,acc,0.3439153439153439,meta-llama-Llama-2-7b-hf,generic_to_brand
medqa_4options,acc_stderr,0.0244644266255964,meta-llama-Llama-2-7b-hf,generic_to_brand
medqa_4options,acc_norm,0.3439153439153439,meta-llama-Llama-2-7b-hf,generic_to_brand
medqa_4options,acc_norm_stderr,0.0244644266255964,meta-llama-Llama-2-7b-hf,generic_to_brand
medqa_4options,acc,0.373015873015873,meta-llama-Llama-2-7b-hf,none
medqa_4options,acc_stderr,0.0249069904589925,meta-llama-Llama-2-7b-hf,none
medqa_4options,acc_norm,0.373015873015873,meta-llama-Llama-2-7b-hf,none
medqa_4options,acc_norm_stderr,0.0249069904589925,meta-llama-Llama-2-7b-hf,none
b4b,acc,0.3600493218249075,meta-llama-Llama-2-7b-hf,none
b4b,acc_stderr,0.0218163043882725,meta-llama-Llama-2-7b-hf,none
b4b,acc_norm,0.3600493218249075,meta-llama-Llama-2-7b-hf,none
b4b,acc_norm_stderr,0.0218163043882725,meta-llama-Llama-2-7b-hf,none
b4bqa,acc,0.3683035714285714,meta-llama-Llama-2-7b-hf,none
b4bqa,acc_stderr,0.0113974942807729,meta-llama-Llama-2-7b-hf,none
b4bqa,acc_norm,0.3683035714285714,meta-llama-Llama-2-7b-hf,none
b4bqa,acc_norm_stderr,0.0113974942807729,meta-llama-Llama-2-7b-hf,none
medmcqa,acc,0.3390804597701149,meta-llama-Llama-2-7b-hf,generic_to_brand
medmcqa,acc_stderr,0.0254132928054732,meta-llama-Llama-2-7b-hf,generic_to_brand
medmcqa,acc_norm,0.3390804597701149,meta-llama-Llama-2-7b-hf,generic_to_brand
medmcqa,acc_norm_stderr,0.0254132928054732,meta-llama-Llama-2-7b-hf,generic_to_brand
medmcqa,acc,0.3419540229885057,meta-llama-Llama-2-7b-hf,none
medmcqa,acc_stderr,0.0254652087433315,meta-llama-Llama-2-7b-hf,none
medmcqa,acc_norm,0.3419540229885057,meta-llama-Llama-2-7b-hf,none
medmcqa,acc_norm_stderr,0.0254652087433315,meta-llama-Llama-2-7b-hf,none
medqa_4options,acc,0.3439153439153439,meta-llama-Llama-2-7b-hf,generic_to_brand
medqa_4options,acc_stderr,0.0244644266255964,meta-llama-Llama-2-7b-hf,generic_to_brand
medqa_4options,acc_norm,0.3439153439153439,meta-llama-Llama-2-7b-hf,generic_to_brand
medqa_4options,acc_norm_stderr,0.0244644266255964,meta-llama-Llama-2-7b-hf,generic_to_brand
medqa_4options,acc,0.373015873015873,meta-llama-Llama-2-7b-hf,none
medqa_4options,acc_stderr,0.0249069904589925,meta-llama-Llama-2-7b-hf,none
medqa_4options,acc_norm,0.373015873015873,meta-llama-Llama-2-7b-hf,none
medqa_4options,acc_norm_stderr,0.0249069904589925,meta-llama-Llama-2-7b-hf,none
b4b,acc,0.7120838471023427,meta-llama-Meta-Llama-3-8B,none
b4b,acc_stderr,0.1120223386079501,meta-llama-Meta-Llama-3-8B,none
b4b,acc_norm,0.7120838471023427,meta-llama-Meta-Llama-3-8B,none
b4b,acc_norm_stderr,0.1120223386079501,meta-llama-Meta-Llama-3-8B,none
b4bqa,acc,0.8270089285714286,meta-llama-Meta-Llama-3-8B,none
b4bqa,acc_stderr,0.0089375637073024,meta-llama-Meta-Llama-3-8B,none
b4bqa,acc_norm,0.8270089285714286,meta-llama-Meta-Llama-3-8B,none
b4bqa,acc_norm_stderr,0.0089375637073024,meta-llama-Meta-Llama-3-8B,none
medmcqa,acc,0.5287356321839081,meta-llama-Meta-Llama-3-8B,generic_to_brand
medmcqa,acc_stderr,0.0267970418301041,meta-llama-Meta-Llama-3-8B,generic_to_brand
medmcqa,acc_norm,0.5287356321839081,meta-llama-Meta-Llama-3-8B,generic_to_brand
medmcqa,acc_norm_stderr,0.0267970418301041,meta-llama-Meta-Llama-3-8B,generic_to_brand
medmcqa,acc,0.5919540229885057,meta-llama-Meta-Llama-3-8B,none
medmcqa,acc_stderr,0.0263835846297315,meta-llama-Meta-Llama-3-8B,none
medmcqa,acc_norm,0.5919540229885057,meta-llama-Meta-Llama-3-8B,none
medmcqa,acc_norm_stderr,0.0263835846297315,meta-llama-Meta-Llama-3-8B,none
medqa_4options,acc,0.5502645502645502,meta-llama-Meta-Llama-3-8B,generic_to_brand
medqa_4options,acc_stderr,0.0256208570429366,meta-llama-Meta-Llama-3-8B,generic_to_brand
medqa_4options,acc_norm,0.5502645502645502,meta-llama-Meta-Llama-3-8B,generic_to_brand
medqa_4options,acc_norm_stderr,0.0256208570429366,meta-llama-Meta-Llama-3-8B,generic_to_brand
medqa_4options,acc,0.6084656084656085,meta-llama-Meta-Llama-3-8B,none
medqa_4options,acc_stderr,0.0251380913888511,meta-llama-Meta-Llama-3-8B,none
medqa_4options,acc_norm,0.6084656084656085,meta-llama-Meta-Llama-3-8B,none
medqa_4options,acc_norm_stderr,0.0251380913888511,meta-llama-Meta-Llama-3-8B,none
b4b,acc,0.7120838471023427,meta-llama-Meta-Llama-3-8B,none
b4b,acc_stderr,0.1120223386079501,meta-llama-Meta-Llama-3-8B,none
b4b,acc_norm,0.7120838471023427,meta-llama-Meta-Llama-3-8B,none
b4b,acc_norm_stderr,0.1120223386079501,meta-llama-Meta-Llama-3-8B,none
b4bqa,acc,0.8270089285714286,meta-llama-Meta-Llama-3-8B,none
b4bqa,acc_stderr,0.0089375637073024,meta-llama-Meta-Llama-3-8B,none
b4bqa,acc_norm,0.8270089285714286,meta-llama-Meta-Llama-3-8B,none
b4bqa,acc_norm_stderr,0.0089375637073024,meta-llama-Meta-Llama-3-8B,none
medmcqa,acc,0.5287356321839081,meta-llama-Meta-Llama-3-8B,generic_to_brand
medmcqa,acc_stderr,0.0267970418301041,meta-llama-Meta-Llama-3-8B,generic_to_brand
medmcqa,acc_norm,0.5287356321839081,meta-llama-Meta-Llama-3-8B,generic_to_brand
medmcqa,acc_norm_stderr,0.0267970418301041,meta-llama-Meta-Llama-3-8B,generic_to_brand
medmcqa,acc,0.5919540229885057,meta-llama-Meta-Llama-3-8B,none
medmcqa,acc_stderr,0.0263835846297315,meta-llama-Meta-Llama-3-8B,none
medmcqa,acc_norm,0.5919540229885057,meta-llama-Meta-Llama-3-8B,none
medmcqa,acc_norm_stderr,0.0263835846297315,meta-llama-Meta-Llama-3-8B,none
medqa_4options,acc,0.5502645502645502,meta-llama-Meta-Llama-3-8B,generic_to_brand
medqa_4options,acc_stderr,0.0256208570429366,meta-llama-Meta-Llama-3-8B,generic_to_brand
medqa_4options,acc_norm,0.5502645502645502,meta-llama-Meta-Llama-3-8B,generic_to_brand
medqa_4options,acc_norm_stderr,0.0256208570429366,meta-llama-Meta-Llama-3-8B,generic_to_brand
medqa_4options,acc,0.6084656084656085,meta-llama-Meta-Llama-3-8B,none
medqa_4options,acc_stderr,0.0251380913888511,meta-llama-Meta-Llama-3-8B,none
medqa_4options,acc_norm,0.6084656084656085,meta-llama-Meta-Llama-3-8B,none
medqa_4options,acc_norm_stderr,0.0251380913888511,meta-llama-Meta-Llama-3-8B,none
b4b,acc,0.7475339087546239,mistralai-Mixtral-8x7B-v0.1,none
b4b,acc_stderr,0.1108782404850995,mistralai-Mixtral-8x7B-v0.1,none
b4b,acc_norm,0.7475339087546239,mistralai-Mixtral-8x7B-v0.1,none
b4b,acc_norm_stderr,0.1108782404850995,mistralai-Mixtral-8x7B-v0.1,none
b4bqa,acc,0.8610491071428571,mistralai-Mixtral-8x7B-v0.1,none
b4bqa,acc_stderr,0.0081732886778842,mistralai-Mixtral-8x7B-v0.1,none
b4bqa,acc_norm,0.8610491071428571,mistralai-Mixtral-8x7B-v0.1,none
b4bqa,acc_norm_stderr,0.0081732886778842,mistralai-Mixtral-8x7B-v0.1,none
medmcqa,acc,0.5545977011494253,mistralai-Mixtral-8x7B-v0.1,generic_to_brand
medmcqa,acc_stderr,0.0266809028957954,mistralai-Mixtral-8x7B-v0.1,generic_to_brand
medmcqa,acc_norm,0.5545977011494253,mistralai-Mixtral-8x7B-v0.1,generic_to_brand
medmcqa,acc_norm_stderr,0.0266809028957954,mistralai-Mixtral-8x7B-v0.1,generic_to_brand
medmcqa,acc,0.6494252873563219,mistralai-Mixtral-8x7B-v0.1,none
medmcqa,acc_stderr,0.0256147518903627,mistralai-Mixtral-8x7B-v0.1,none
medmcqa,acc_norm,0.6494252873563219,mistralai-Mixtral-8x7B-v0.1,none
medmcqa,acc_norm_stderr,0.0256147518903627,mistralai-Mixtral-8x7B-v0.1,none
medqa_4options,acc,0.6005291005291006,mistralai-Mixtral-8x7B-v0.1,generic_to_brand
medqa_4options,acc_stderr,0.0252254502840679,mistralai-Mixtral-8x7B-v0.1,generic_to_brand
medqa_4options,acc_norm,0.6005291005291006,mistralai-Mixtral-8x7B-v0.1,generic_to_brand
medqa_4options,acc_norm_stderr,0.0252254502840679,mistralai-Mixtral-8x7B-v0.1,generic_to_brand
medqa_4options,acc,0.6243386243386243,mistralai-Mixtral-8x7B-v0.1,none
medqa_4options,acc_stderr,0.0249423689311597,mistralai-Mixtral-8x7B-v0.1,none
medqa_4options,acc_norm,0.6243386243386243,mistralai-Mixtral-8x7B-v0.1,none
medqa_4options,acc_norm_stderr,0.0249423689311597,mistralai-Mixtral-8x7B-v0.1,none
b4b,acc,0.7475339087546239,mistralai-Mixtral-8x7B-v0.1,none
b4b,acc_stderr,0.1108782404850995,mistralai-Mixtral-8x7B-v0.1,none
b4b,acc_norm,0.7475339087546239,mistralai-Mixtral-8x7B-v0.1,none
b4b,acc_norm_stderr,0.1108782404850995,mistralai-Mixtral-8x7B-v0.1,none
b4bqa,acc,0.8610491071428571,mistralai-Mixtral-8x7B-v0.1,none
b4bqa,acc_stderr,0.0081732886778842,mistralai-Mixtral-8x7B-v0.1,none
b4bqa,acc_norm,0.8610491071428571,mistralai-Mixtral-8x7B-v0.1,none
b4bqa,acc_norm_stderr,0.0081732886778842,mistralai-Mixtral-8x7B-v0.1,none
medmcqa,acc,0.5545977011494253,mistralai-Mixtral-8x7B-v0.1,generic_to_brand
medmcqa,acc_stderr,0.0266809028957954,mistralai-Mixtral-8x7B-v0.1,generic_to_brand
medmcqa,acc_norm,0.5545977011494253,mistralai-Mixtral-8x7B-v0.1,generic_to_brand
medmcqa,acc_norm_stderr,0.0266809028957954,mistralai-Mixtral-8x7B-v0.1,generic_to_brand
medmcqa,acc,0.6494252873563219,mistralai-Mixtral-8x7B-v0.1,none
medmcqa,acc_stderr,0.0256147518903627,mistralai-Mixtral-8x7B-v0.1,none
medmcqa,acc_norm,0.6494252873563219,mistralai-Mixtral-8x7B-v0.1,none
medmcqa,acc_norm_stderr,0.0256147518903627,mistralai-Mixtral-8x7B-v0.1,none
medqa_4options,acc,0.6005291005291006,mistralai-Mixtral-8x7B-v0.1,generic_to_brand
medqa_4options,acc_stderr,0.0252254502840679,mistralai-Mixtral-8x7B-v0.1,generic_to_brand
medqa_4options,acc_norm,0.6005291005291006,mistralai-Mixtral-8x7B-v0.1,generic_to_brand
medqa_4options,acc_norm_stderr,0.0252254502840679,mistralai-Mixtral-8x7B-v0.1,generic_to_brand
medqa_4options,acc,0.6243386243386243,mistralai-Mixtral-8x7B-v0.1,none
medqa_4options,acc_stderr,0.0249423689311597,mistralai-Mixtral-8x7B-v0.1,none
medqa_4options,acc_norm,0.6243386243386243,mistralai-Mixtral-8x7B-v0.1,none
medqa_4options,acc_norm_stderr,0.0249423689311597,mistralai-Mixtral-8x7B-v0.1,none
b4b,acc,0.7882244143033293,mistralai-Mixtral-8x22B-v0.1,none
b4b,acc_stderr,0.08841138813945,mistralai-Mixtral-8x22B-v0.1,none
b4b,acc_norm,0.7882244143033293,mistralai-Mixtral-8x22B-v0.1,none
b4b,acc_norm_stderr,0.08841138813945,mistralai-Mixtral-8x22B-v0.1,none
b4bqa,acc,0.8772321428571429,mistralai-Mixtral-8x22B-v0.1,none
b4bqa,acc_stderr,0.0077544645160342,mistralai-Mixtral-8x22B-v0.1,none
b4bqa,acc_norm,0.8772321428571429,mistralai-Mixtral-8x22B-v0.1,none
b4bqa,acc_norm_stderr,0.0077544645160342,mistralai-Mixtral-8x22B-v0.1,none
medmcqa,acc,0.617816091954023,mistralai-Mixtral-8x22B-v0.1,generic_to_brand
medmcqa,acc_stderr,0.0260856143333626,mistralai-Mixtral-8x22B-v0.1,generic_to_brand
medmcqa,acc_norm,0.617816091954023,mistralai-Mixtral-8x22B-v0.1,generic_to_brand
medmcqa,acc_norm_stderr,0.0260856143333626,mistralai-Mixtral-8x22B-v0.1,generic_to_brand
medmcqa,acc,0.7040229885057471,mistralai-Mixtral-8x22B-v0.1,none
medmcqa,acc_stderr,0.0245051673760905,mistralai-Mixtral-8x22B-v0.1,none
medmcqa,acc_norm,0.7040229885057471,mistralai-Mixtral-8x22B-v0.1,none
medmcqa,acc_norm_stderr,0.0245051673760905,mistralai-Mixtral-8x22B-v0.1,none
medqa_4options,acc,0.6746031746031746,mistralai-Mixtral-8x22B-v0.1,generic_to_brand
medqa_4options,acc_stderr,0.0241301582997626,mistralai-Mixtral-8x22B-v0.1,generic_to_brand
medqa_4options,acc_norm,0.6746031746031746,mistralai-Mixtral-8x22B-v0.1,generic_to_brand
medqa_4options,acc_norm_stderr,0.0241301582997626,mistralai-Mixtral-8x22B-v0.1,generic_to_brand
medqa_4options,acc,0.7142857142857143,mistralai-Mixtral-8x22B-v0.1,none
medqa_4options,acc_stderr,0.0232665122137305,mistralai-Mixtral-8x22B-v0.1,none
medqa_4options,acc_norm,0.7142857142857143,mistralai-Mixtral-8x22B-v0.1,none
medqa_4options,acc_norm_stderr,0.0232665122137305,mistralai-Mixtral-8x22B-v0.1,none
b4b,acc,0.7882244143033293,mistralai-Mixtral-8x22B-v0.1,none
b4b,acc_stderr,0.08841138813945,mistralai-Mixtral-8x22B-v0.1,none
b4b,acc_norm,0.7882244143033293,mistralai-Mixtral-8x22B-v0.1,none
b4b,acc_norm_stderr,0.08841138813945,mistralai-Mixtral-8x22B-v0.1,none
b4bqa,acc,0.8772321428571429,mistralai-Mixtral-8x22B-v0.1,none
b4bqa,acc_stderr,0.0077544645160342,mistralai-Mixtral-8x22B-v0.1,none
b4bqa,acc_norm,0.8772321428571429,mistralai-Mixtral-8x22B-v0.1,none
b4bqa,acc_norm_stderr,0.0077544645160342,mistralai-Mixtral-8x22B-v0.1,none
medmcqa,acc,0.617816091954023,mistralai-Mixtral-8x22B-v0.1,generic_to_brand
medmcqa,acc_stderr,0.0260856143333626,mistralai-Mixtral-8x22B-v0.1,generic_to_brand
medmcqa,acc_norm,0.617816091954023,mistralai-Mixtral-8x22B-v0.1,generic_to_brand
medmcqa,acc_norm_stderr,0.0260856143333626,mistralai-Mixtral-8x22B-v0.1,generic_to_brand
medmcqa,acc,0.7040229885057471,mistralai-Mixtral-8x22B-v0.1,none
medmcqa,acc_stderr,0.0245051673760905,mistralai-Mixtral-8x22B-v0.1,none
medmcqa,acc_norm,0.7040229885057471,mistralai-Mixtral-8x22B-v0.1,none
medmcqa,acc_norm_stderr,0.0245051673760905,mistralai-Mixtral-8x22B-v0.1,none
medqa_4options,acc,0.6746031746031746,mistralai-Mixtral-8x22B-v0.1,generic_to_brand
medqa_4options,acc_stderr,0.0241301582997626,mistralai-Mixtral-8x22B-v0.1,generic_to_brand
medqa_4options,acc_norm,0.6746031746031746,mistralai-Mixtral-8x22B-v0.1,generic_to_brand
medqa_4options,acc_norm_stderr,0.0241301582997626,mistralai-Mixtral-8x22B-v0.1,generic_to_brand
medqa_4options,acc,0.7142857142857143,mistralai-Mixtral-8x22B-v0.1,none
medqa_4options,acc_stderr,0.0232665122137305,mistralai-Mixtral-8x22B-v0.1,none
medqa_4options,acc_norm,0.7142857142857143,mistralai-Mixtral-8x22B-v0.1,none
medqa_4options,acc_norm_stderr,0.0232665122137305,mistralai-Mixtral-8x22B-v0.1,none
b4b,acc,0.656288532675709,meta-llama-Llama-2-70B-hf,none
b4b,acc_stderr,0.1109942232148866,meta-llama-Llama-2-70B-hf,none
b4b,acc_norm,0.656288532675709,meta-llama-Llama-2-70B-hf,none
b4b,acc_norm_stderr,0.1109942232148866,meta-llama-Llama-2-70B-hf,none
b4bqa,acc,0.7700892857142857,meta-llama-Llama-2-70B-hf,none
b4bqa,acc_stderr,0.009942654607749,meta-llama-Llama-2-70B-hf,none
b4bqa,acc_norm,0.7700892857142857,meta-llama-Llama-2-70B-hf,none
b4bqa,acc_norm_stderr,0.009942654607749,meta-llama-Llama-2-70B-hf,none
medmcqa,acc,0.4597701149425287,meta-llama-Llama-2-70B-hf,generic_to_brand
medmcqa,acc_stderr,0.0267543826757057,meta-llama-Llama-2-70B-hf,generic_to_brand
medmcqa,acc_norm,0.4597701149425287,meta-llama-Llama-2-70B-hf,generic_to_brand
medmcqa,acc_norm_stderr,0.0267543826757057,meta-llama-Llama-2-70B-hf,generic_to_brand
medmcqa,acc,0.5229885057471264,meta-llama-Llama-2-70B-hf,none
medmcqa,acc_stderr,0.0268130215152395,meta-llama-Llama-2-70B-hf,none
medmcqa,acc_norm,0.5229885057471264,meta-llama-Llama-2-70B-hf,none
medmcqa,acc_norm_stderr,0.0268130215152395,meta-llama-Llama-2-70B-hf,none
medqa_4options,acc,0.5264550264550265,meta-llama-Llama-2-70B-hf,generic_to_brand
medqa_4options,acc_stderr,0.0257152398113467,meta-llama-Llama-2-70B-hf,generic_to_brand
medqa_4options,acc_norm,0.5264550264550265,meta-llama-Llama-2-70B-hf,generic_to_brand
medqa_4options,acc_norm_stderr,0.0257152398113467,meta-llama-Llama-2-70B-hf,generic_to_brand
medqa_4options,acc,0.5502645502645502,meta-llama-Llama-2-70B-hf,none
medqa_4options,acc_stderr,0.0256208570429366,meta-llama-Llama-2-70B-hf,none
medqa_4options,acc_norm,0.5502645502645502,meta-llama-Llama-2-70B-hf,none
medqa_4options,acc_norm_stderr,0.0256208570429366,meta-llama-Llama-2-70B-hf,none
b4b,acc,0.656288532675709,meta-llama-Llama-2-70B-hf,none
b4b,acc_stderr,0.1109942232148866,meta-llama-Llama-2-70B-hf,none
b4b,acc_norm,0.656288532675709,meta-llama-Llama-2-70B-hf,none
b4b,acc_norm_stderr,0.1109942232148866,meta-llama-Llama-2-70B-hf,none
b4bqa,acc,0.7700892857142857,meta-llama-Llama-2-70B-hf,none
b4bqa,acc_stderr,0.009942654607749,meta-llama-Llama-2-70B-hf,none
b4bqa,acc_norm,0.7700892857142857,meta-llama-Llama-2-70B-hf,none
b4bqa,acc_norm_stderr,0.009942654607749,meta-llama-Llama-2-70B-hf,none
medmcqa,acc,0.4597701149425287,meta-llama-Llama-2-70B-hf,generic_to_brand
medmcqa,acc_stderr,0.0267543826757057,meta-llama-Llama-2-70B-hf,generic_to_brand
medmcqa,acc_norm,0.4597701149425287,meta-llama-Llama-2-70B-hf,generic_to_brand
medmcqa,acc_norm_stderr,0.0267543826757057,meta-llama-Llama-2-70B-hf,generic_to_brand
medmcqa,acc,0.5229885057471264,meta-llama-Llama-2-70B-hf,none
medmcqa,acc_stderr,0.0268130215152395,meta-llama-Llama-2-70B-hf,none
medmcqa,acc_norm,0.5229885057471264,meta-llama-Llama-2-70B-hf,none
medmcqa,acc_norm_stderr,0.0268130215152395,meta-llama-Llama-2-70B-hf,none
medqa_4options,acc,0.5264550264550265,meta-llama-Llama-2-70B-hf,generic_to_brand
medqa_4options,acc_stderr,0.0257152398113467,meta-llama-Llama-2-70B-hf,generic_to_brand
medqa_4options,acc_norm,0.5264550264550265,meta-llama-Llama-2-70B-hf,generic_to_brand
medqa_4options,acc_norm_stderr,0.0257152398113467,meta-llama-Llama-2-70B-hf,generic_to_brand
medqa_4options,acc,0.5502645502645502,meta-llama-Llama-2-70B-hf,none
medqa_4options,acc_stderr,0.0256208570429366,meta-llama-Llama-2-70B-hf,none
medqa_4options,acc_norm,0.5502645502645502,meta-llama-Llama-2-70B-hf,none
medqa_4options,acc_norm_stderr,0.0256208570429366,meta-llama-Llama-2-70B-hf,none
b4b,acc,0.8255240443896424,meta-llama-Meta-Llama-3-70B,none
b4b,acc_stderr,0.0770072258857472,meta-llama-Meta-Llama-3-70B,none
b4b,acc_norm,0.8255240443896424,meta-llama-Meta-Llama-3-70B,none
b4b,acc_norm_stderr,0.0770072258857472,meta-llama-Meta-Llama-3-70B,none
b4bqa,acc,0.9012276785714286,meta-llama-Meta-Llama-3-70B,none
b4bqa,acc_stderr,0.0070499672296176,meta-llama-Meta-Llama-3-70B,none
b4bqa,acc_norm,0.9012276785714286,meta-llama-Meta-Llama-3-70B,none
b4bqa,acc_norm_stderr,0.0070499672296176,meta-llama-Meta-Llama-3-70B,none
medmcqa,acc,0.6666666666666666,meta-llama-Meta-Llama-3-70B,generic_to_brand
medmcqa,acc_stderr,0.0253063206000374,meta-llama-Meta-Llama-3-70B,generic_to_brand
medmcqa,acc_norm,0.6666666666666666,meta-llama-Meta-Llama-3-70B,generic_to_brand
medmcqa,acc_norm_stderr,0.0253063206000374,meta-llama-Meta-Llama-3-70B,generic_to_brand
medmcqa,acc,0.7816091954022989,meta-llama-Meta-Llama-3-70B,none
medmcqa,acc_stderr,0.0221792709687599,meta-llama-Meta-Llama-3-70B,none
medmcqa,acc_norm,0.7816091954022989,meta-llama-Meta-Llama-3-70B,none
medmcqa,acc_norm_stderr,0.0221792709687599,meta-llama-Meta-Llama-3-70B,none
medqa_4options,acc,0.7275132275132276,meta-llama-Meta-Llama-3-70B,generic_to_brand
medqa_4options,acc_stderr,0.0229309730716333,meta-llama-Meta-Llama-3-70B,generic_to_brand
medqa_4options,acc_norm,0.7275132275132276,meta-llama-Meta-Llama-3-70B,generic_to_brand
medqa_4options,acc_norm_stderr,0.0229309730716333,meta-llama-Meta-Llama-3-70B,generic_to_brand
medqa_4options,acc,0.7513227513227513,meta-llama-Meta-Llama-3-70B,none
medqa_4options,acc_stderr,0.0222618176924001,meta-llama-Meta-Llama-3-70B,none
medqa_4options,acc_norm,0.7513227513227513,meta-llama-Meta-Llama-3-70B,none
medqa_4options,acc_norm_stderr,0.0222618176924001,meta-llama-Meta-Llama-3-70B,none
b4b,acc,0.8255240443896424,meta-llama-Meta-Llama-3-70B,none
b4b,acc_stderr,0.0770072258857472,meta-llama-Meta-Llama-3-70B,none
b4b,acc_norm,0.8255240443896424,meta-llama-Meta-Llama-3-70B,none
b4b,acc_norm_stderr,0.0770072258857472,meta-llama-Meta-Llama-3-70B,none
b4bqa,acc,0.9012276785714286,meta-llama-Meta-Llama-3-70B,none
b4bqa,acc_stderr,0.0070499672296176,meta-llama-Meta-Llama-3-70B,none
b4bqa,acc_norm,0.9012276785714286,meta-llama-Meta-Llama-3-70B,none
b4bqa,acc_norm_stderr,0.0070499672296176,meta-llama-Meta-Llama-3-70B,none
medmcqa,acc,0.6666666666666666,meta-llama-Meta-Llama-3-70B,generic_to_brand
medmcqa,acc_stderr,0.0253063206000374,meta-llama-Meta-Llama-3-70B,generic_to_brand
medmcqa,acc_norm,0.6666666666666666,meta-llama-Meta-Llama-3-70B,generic_to_brand
medmcqa,acc_norm_stderr,0.0253063206000374,meta-llama-Meta-Llama-3-70B,generic_to_brand
medmcqa,acc,0.7816091954022989,meta-llama-Meta-Llama-3-70B,none
medmcqa,acc_stderr,0.0221792709687599,meta-llama-Meta-Llama-3-70B,none
medmcqa,acc_norm,0.7816091954022989,meta-llama-Meta-Llama-3-70B,none
medmcqa,acc_norm_stderr,0.0221792709687599,meta-llama-Meta-Llama-3-70B,none
medqa_4options,acc,0.7275132275132276,meta-llama-Meta-Llama-3-70B,generic_to_brand
medqa_4options,acc_stderr,0.0229309730716333,meta-llama-Meta-Llama-3-70B,generic_to_brand
medqa_4options,acc_norm,0.7275132275132276,meta-llama-Meta-Llama-3-70B,generic_to_brand
medqa_4options,acc_norm_stderr,0.0229309730716333,meta-llama-Meta-Llama-3-70B,generic_to_brand
medqa_4options,acc,0.7513227513227513,meta-llama-Meta-Llama-3-70B,none
medqa_4options,acc_stderr,0.0222618176924001,meta-llama-Meta-Llama-3-70B,none
medqa_4options,acc_norm,0.7513227513227513,meta-llama-Meta-Llama-3-70B,none
medqa_4options,acc_norm_stderr,0.0222618176924001,meta-llama-Meta-Llama-3-70B,none
b4b,acc,0.7241060419235512,CohereForAI-c4ai-command-r-plus,none
b4b,acc_stderr,0.1228759303552726,CohereForAI-c4ai-command-r-plus,none
b4b,acc_norm,0.7241060419235512,CohereForAI-c4ai-command-r-plus,none
b4b,acc_norm_stderr,0.1228759303552726,CohereForAI-c4ai-command-r-plus,none
b4bqa,acc,0.8493303571428571,CohereForAI-c4ai-command-r-plus,none
b4bqa,acc_stderr,0.0084528548224941,CohereForAI-c4ai-command-r-plus,none
b4bqa,acc_norm,0.8493303571428571,CohereForAI-c4ai-command-r-plus,none
b4bqa,acc_norm_stderr,0.0084528548224941,CohereForAI-c4ai-command-r-plus,none
medmcqa,acc,0.4913793103448275,CohereForAI-c4ai-command-r-plus,generic_to_brand
medmcqa,acc_stderr,0.0268374165507371,CohereForAI-c4ai-command-r-plus,generic_to_brand
medmcqa,acc_norm,0.4913793103448275,CohereForAI-c4ai-command-r-plus,generic_to_brand
medmcqa,acc_norm_stderr,0.0268374165507371,CohereForAI-c4ai-command-r-plus,generic_to_brand
medmcqa,acc,0.6149425287356322,CohereForAI-c4ai-command-r-plus,none
medmcqa,acc_stderr,0.0261225340845161,CohereForAI-c4ai-command-r-plus,none
medmcqa,acc_norm,0.6149425287356322,CohereForAI-c4ai-command-r-plus,none
medmcqa,acc_norm_stderr,0.0261225340845161,CohereForAI-c4ai-command-r-plus,none
medqa_4options,acc,0.5661375661375662,CohereForAI-c4ai-command-r-plus,generic_to_brand
medqa_4options,acc_stderr,0.0255250343824749,CohereForAI-c4ai-command-r-plus,generic_to_brand
medqa_4options,acc_norm,0.5661375661375662,CohereForAI-c4ai-command-r-plus,generic_to_brand
medqa_4options,acc_norm_stderr,0.0255250343824749,CohereForAI-c4ai-command-r-plus,generic_to_brand
medqa_4options,acc,0.6031746031746031,CohereForAI-c4ai-command-r-plus,none
medqa_4options,acc_stderr,0.0251971010742464,CohereForAI-c4ai-command-r-plus,none
medqa_4options,acc_norm,0.6031746031746031,CohereForAI-c4ai-command-r-plus,none
medqa_4options,acc_norm_stderr,0.0251971010742464,CohereForAI-c4ai-command-r-plus,none
b4b,acc,0.7241060419235512,CohereForAI-c4ai-command-r-plus,none
b4b,acc_stderr,0.1228759303552726,CohereForAI-c4ai-command-r-plus,none
b4b,acc_norm,0.7241060419235512,CohereForAI-c4ai-command-r-plus,none
b4b,acc_norm_stderr,0.1228759303552726,CohereForAI-c4ai-command-r-plus,none
b4bqa,acc,0.8493303571428571,CohereForAI-c4ai-command-r-plus,none
b4bqa,acc_stderr,0.0084528548224941,CohereForAI-c4ai-command-r-plus,none
b4bqa,acc_norm,0.8493303571428571,CohereForAI-c4ai-command-r-plus,none
b4bqa,acc_norm_stderr,0.0084528548224941,CohereForAI-c4ai-command-r-plus,none
medmcqa,acc,0.4913793103448275,CohereForAI-c4ai-command-r-plus,generic_to_brand
medmcqa,acc_stderr,0.0268374165507371,CohereForAI-c4ai-command-r-plus,generic_to_brand
medmcqa,acc_norm,0.4913793103448275,CohereForAI-c4ai-command-r-plus,generic_to_brand
medmcqa,acc_norm_stderr,0.0268374165507371,CohereForAI-c4ai-command-r-plus,generic_to_brand
medmcqa,acc,0.6149425287356322,CohereForAI-c4ai-command-r-plus,none
medmcqa,acc_stderr,0.0261225340845161,CohereForAI-c4ai-command-r-plus,none
medmcqa,acc_norm,0.6149425287356322,CohereForAI-c4ai-command-r-plus,none
medmcqa,acc_norm_stderr,0.0261225340845161,CohereForAI-c4ai-command-r-plus,none
medqa_4options,acc,0.5661375661375662,CohereForAI-c4ai-command-r-plus,generic_to_brand
medqa_4options,acc_stderr,0.0255250343824749,CohereForAI-c4ai-command-r-plus,generic_to_brand
medqa_4options,acc_norm,0.5661375661375662,CohereForAI-c4ai-command-r-plus,generic_to_brand
medqa_4options,acc_norm_stderr,0.0255250343824749,CohereForAI-c4ai-command-r-plus,generic_to_brand
medqa_4options,acc,0.6031746031746031,CohereForAI-c4ai-command-r-plus,none
medqa_4options,acc_stderr,0.0251971010742464,CohereForAI-c4ai-command-r-plus,none
medqa_4options,acc_norm,0.6031746031746031,CohereForAI-c4ai-command-r-plus,none
medqa_4options,acc_norm_stderr,0.0251971010742464,CohereForAI-c4ai-command-r-plus,none
b4b,acc,0.657213316892725,CohereForAI-aya-23-35B,none
b4b,acc_stderr,0.1227199086054066,CohereForAI-aya-23-35B,none
b4b,acc_norm,0.657213316892725,CohereForAI-aya-23-35B,none
b4b,acc_norm_stderr,0.1227199086054066,CohereForAI-aya-23-35B,none
b4bqa,acc,0.7840401785714286,CohereForAI-aya-23-35B,none
b4bqa,acc_stderr,0.0097231692690656,CohereForAI-aya-23-35B,none
b4bqa,acc_norm,0.7840401785714286,CohereForAI-aya-23-35B,none
b4bqa,acc_norm_stderr,0.0097231692690656,CohereForAI-aya-23-35B,none
medmcqa,acc,0.4856321839080459,CohereForAI-aya-23-35B,generic_to_brand
medmcqa,acc_stderr,0.0268303221008756,CohereForAI-aya-23-35B,generic_to_brand
medmcqa,acc_norm,0.4856321839080459,CohereForAI-aya-23-35B,generic_to_brand
medmcqa,acc_norm_stderr,0.0268303221008756,CohereForAI-aya-23-35B,generic_to_brand
medmcqa,acc,0.5287356321839081,CohereForAI-aya-23-35B,none
medmcqa,acc_stderr,0.0267970418301041,CohereForAI-aya-23-35B,none
medmcqa,acc_norm,0.5287356321839081,CohereForAI-aya-23-35B,none
medmcqa,acc_norm_stderr,0.0267970418301041,CohereForAI-aya-23-35B,none
medqa_4options,acc,0.4788359788359788,CohereForAI-aya-23-35B,generic_to_brand
medqa_4options,acc_stderr,0.0257282309521307,CohereForAI-aya-23-35B,generic_to_brand
medqa_4options,acc_norm,0.4788359788359788,CohereForAI-aya-23-35B,generic_to_brand
medqa_4options,acc_norm_stderr,0.0257282309521307,CohereForAI-aya-23-35B,generic_to_brand
medqa_4options,acc,0.5105820105820106,CohereForAI-aya-23-35B,none
medqa_4options,acc_stderr,0.0257455422760454,CohereForAI-aya-23-35B,none
medqa_4options,acc_norm,0.5105820105820106,CohereForAI-aya-23-35B,none
medqa_4options,acc_norm_stderr,0.0257455422760454,CohereForAI-aya-23-35B,none
b4b,acc,0.657213316892725,CohereForAI-aya-23-35B,none
b4b,acc_stderr,0.1227199086054066,CohereForAI-aya-23-35B,none
b4b,acc_norm,0.657213316892725,CohereForAI-aya-23-35B,none
b4b,acc_norm_stderr,0.1227199086054066,CohereForAI-aya-23-35B,none
b4bqa,acc,0.7840401785714286,CohereForAI-aya-23-35B,none
b4bqa,acc_stderr,0.0097231692690656,CohereForAI-aya-23-35B,none
b4bqa,acc_norm,0.7840401785714286,CohereForAI-aya-23-35B,none
b4bqa,acc_norm_stderr,0.0097231692690656,CohereForAI-aya-23-35B,none
medmcqa,acc,0.4856321839080459,CohereForAI-aya-23-35B,generic_to_brand
medmcqa,acc_stderr,0.0268303221008756,CohereForAI-aya-23-35B,generic_to_brand
medmcqa,acc_norm,0.4856321839080459,CohereForAI-aya-23-35B,generic_to_brand
medmcqa,acc_norm_stderr,0.0268303221008756,CohereForAI-aya-23-35B,generic_to_brand
medmcqa,acc,0.5287356321839081,CohereForAI-aya-23-35B,none
medmcqa,acc_stderr,0.0267970418301041,CohereForAI-aya-23-35B,none
medmcqa,acc_norm,0.5287356321839081,CohereForAI-aya-23-35B,none
medmcqa,acc_norm_stderr,0.0267970418301041,CohereForAI-aya-23-35B,none
medqa_4options,acc,0.4788359788359788,CohereForAI-aya-23-35B,generic_to_brand
medqa_4options,acc_stderr,0.0257282309521307,CohereForAI-aya-23-35B,generic_to_brand
medqa_4options,acc_norm,0.4788359788359788,CohereForAI-aya-23-35B,generic_to_brand
medqa_4options,acc_norm_stderr,0.0257282309521307,CohereForAI-aya-23-35B,generic_to_brand
medqa_4options,acc,0.5105820105820106,CohereForAI-aya-23-35B,none
medqa_4options,acc_stderr,0.0257455422760454,CohereForAI-aya-23-35B,none
medqa_4options,acc_norm,0.5105820105820106,CohereForAI-aya-23-35B,none
medqa_4options,acc_norm_stderr,0.0257455422760454,CohereForAI-aya-23-35B,none
b4b,acc,0.8372379778051788,Qwen-Qwen2-72B,none
b4b,acc_stderr,0.0721609870304296,Qwen-Qwen2-72B,none
b4b,acc_norm,0.8372379778051788,Qwen-Qwen2-72B,none
b4b,acc_norm_stderr,0.0721609870304296,Qwen-Qwen2-72B,none
b4bqa,acc,0.91015625,Qwen-Qwen2-72B,none
b4bqa,acc_stderr,0.0067570031328811,Qwen-Qwen2-72B,none
b4bqa,acc_norm,0.91015625,Qwen-Qwen2-72B,none
b4bqa,acc_norm_stderr,0.0067570031328811,Qwen-Qwen2-72B,none
medmcqa,acc,0.7155172413793104,Qwen-Qwen2-72B,generic_to_brand
medmcqa,acc_stderr,0.0242199526356307,Qwen-Qwen2-72B,generic_to_brand
medmcqa,acc_norm,0.7155172413793104,Qwen-Qwen2-72B,generic_to_brand
medmcqa,acc_norm_stderr,0.0242199526356307,Qwen-Qwen2-72B,generic_to_brand
medmcqa,acc,0.7787356321839081,Qwen-Qwen2-72B,none
medmcqa,acc_stderr,0.0222836345106867,Qwen-Qwen2-72B,none
medmcqa,acc_norm,0.7787356321839081,Qwen-Qwen2-72B,none
medmcqa,acc_norm_stderr,0.0222836345106867,Qwen-Qwen2-72B,none
medqa_4options,acc,0.7407407407407407,Qwen-Qwen2-72B,generic_to_brand
medqa_4options,acc_stderr,0.0225698970749184,Qwen-Qwen2-72B,generic_to_brand
medqa_4options,acc_norm,0.7407407407407407,Qwen-Qwen2-72B,generic_to_brand
medqa_4options,acc_norm_stderr,0.0225698970749184,Qwen-Qwen2-72B,generic_to_brand
medqa_4options,acc,0.753968253968254,Qwen-Qwen2-72B,none
medqa_4options,acc_stderr,0.0221820372029483,Qwen-Qwen2-72B,none
medqa_4options,acc_norm,0.753968253968254,Qwen-Qwen2-72B,none
medqa_4options,acc_norm_stderr,0.0221820372029483,Qwen-Qwen2-72B,none
b4b,acc,0.8372379778051788,Qwen-Qwen2-72B,none
b4b,acc_stderr,0.0721609870304296,Qwen-Qwen2-72B,none
b4b,acc_norm,0.8372379778051788,Qwen-Qwen2-72B,none
b4b,acc_norm_stderr,0.0721609870304296,Qwen-Qwen2-72B,none
b4bqa,acc,0.91015625,Qwen-Qwen2-72B,none
b4bqa,acc_stderr,0.0067570031328811,Qwen-Qwen2-72B,none
b4bqa,acc_norm,0.91015625,Qwen-Qwen2-72B,none
b4bqa,acc_norm_stderr,0.0067570031328811,Qwen-Qwen2-72B,none
medmcqa,acc,0.7155172413793104,Qwen-Qwen2-72B,generic_to_brand
medmcqa,acc_stderr,0.0242199526356307,Qwen-Qwen2-72B,generic_to_brand
medmcqa,acc_norm,0.7155172413793104,Qwen-Qwen2-72B,generic_to_brand
medmcqa,acc_norm_stderr,0.0242199526356307,Qwen-Qwen2-72B,generic_to_brand
medmcqa,acc,0.7787356321839081,Qwen-Qwen2-72B,none
medmcqa,acc_stderr,0.0222836345106867,Qwen-Qwen2-72B,none
medmcqa,acc_norm,0.7787356321839081,Qwen-Qwen2-72B,none
medmcqa,acc_norm_stderr,0.0222836345106867,Qwen-Qwen2-72B,none
medqa_4options,acc,0.7407407407407407,Qwen-Qwen2-72B,generic_to_brand
medqa_4options,acc_stderr,0.0225698970749184,Qwen-Qwen2-72B,generic_to_brand
medqa_4options,acc_norm,0.7407407407407407,Qwen-Qwen2-72B,generic_to_brand
medqa_4options,acc_norm_stderr,0.0225698970749184,Qwen-Qwen2-72B,generic_to_brand
medqa_4options,acc,0.753968253968254,Qwen-Qwen2-72B,none
medqa_4options,acc_stderr,0.0221820372029483,Qwen-Qwen2-72B,none
medqa_4options,acc_norm,0.753968253968254,Qwen-Qwen2-72B,none
medqa_4options,acc_norm_stderr,0.0221820372029483,Qwen-Qwen2-72B,none
b4b,acc,0.7028360049321827,Qwen-Qwen2-7B,none
b4b,acc_stderr,0.1004832322485701,Qwen-Qwen2-7B,none
b4b,acc_norm,0.7028360049321827,Qwen-Qwen2-7B,none
b4b,acc_norm_stderr,0.1004832322485701,Qwen-Qwen2-7B,none
b4bqa,acc,0.8041294642857143,Qwen-Qwen2-7B,none
b4bqa,acc_stderr,0.0093777737442454,Qwen-Qwen2-7B,none
b4bqa,acc_norm,0.8041294642857143,Qwen-Qwen2-7B,none
b4bqa,acc_norm_stderr,0.0093777737442454,Qwen-Qwen2-7B,none
medmcqa,acc,0.5517241379310345,Qwen-Qwen2-7B,generic_to_brand
medmcqa,acc_stderr,0.0266973977703778,Qwen-Qwen2-7B,generic_to_brand
medmcqa,acc_norm,0.5517241379310345,Qwen-Qwen2-7B,generic_to_brand
medmcqa,acc_norm_stderr,0.0266973977703778,Qwen-Qwen2-7B,generic_to_brand
medmcqa,acc,0.6350574712643678,Qwen-Qwen2-7B,none
medmcqa,acc_stderr,0.0258436598312732,Qwen-Qwen2-7B,none
medmcqa,acc_norm,0.6350574712643678,Qwen-Qwen2-7B,none
medmcqa,acc_norm_stderr,0.0258436598312732,Qwen-Qwen2-7B,none
medqa_4options,acc,0.5370370370370371,Qwen-Qwen2-7B,generic_to_brand
medqa_4options,acc_stderr,0.0256805646400568,Qwen-Qwen2-7B,generic_to_brand
medqa_4options,acc_norm,0.5370370370370371,Qwen-Qwen2-7B,generic_to_brand
medqa_4options,acc_norm_stderr,0.0256805646400568,Qwen-Qwen2-7B,generic_to_brand
medqa_4options,acc,0.58994708994709,Qwen-Qwen2-7B,none
medqa_4options,acc_stderr,0.0253312024389444,Qwen-Qwen2-7B,none
medqa_4options,acc_norm,0.58994708994709,Qwen-Qwen2-7B,none
medqa_4options,acc_norm_stderr,0.0253312024389444,Qwen-Qwen2-7B,none
b4b,acc,0.7028360049321827,Qwen-Qwen2-7B,none
b4b,acc_stderr,0.1004832322485701,Qwen-Qwen2-7B,none
b4b,acc_norm,0.7028360049321827,Qwen-Qwen2-7B,none
b4b,acc_norm_stderr,0.1004832322485701,Qwen-Qwen2-7B,none
b4bqa,acc,0.8041294642857143,Qwen-Qwen2-7B,none
b4bqa,acc_stderr,0.0093777737442454,Qwen-Qwen2-7B,none
b4bqa,acc_norm,0.8041294642857143,Qwen-Qwen2-7B,none
b4bqa,acc_norm_stderr,0.0093777737442454,Qwen-Qwen2-7B,none
medmcqa,acc,0.5517241379310345,Qwen-Qwen2-7B,generic_to_brand
medmcqa,acc_stderr,0.0266973977703778,Qwen-Qwen2-7B,generic_to_brand
medmcqa,acc_norm,0.5517241379310345,Qwen-Qwen2-7B,generic_to_brand
medmcqa,acc_norm_stderr,0.0266973977703778,Qwen-Qwen2-7B,generic_to_brand
medmcqa,acc,0.6350574712643678,Qwen-Qwen2-7B,none
medmcqa,acc_stderr,0.0258436598312732,Qwen-Qwen2-7B,none
medmcqa,acc_norm,0.6350574712643678,Qwen-Qwen2-7B,none
medmcqa,acc_norm_stderr,0.0258436598312732,Qwen-Qwen2-7B,none
medqa_4options,acc,0.5370370370370371,Qwen-Qwen2-7B,generic_to_brand
medqa_4options,acc_stderr,0.0256805646400568,Qwen-Qwen2-7B,generic_to_brand
medqa_4options,acc_norm,0.5370370370370371,Qwen-Qwen2-7B,generic_to_brand
medqa_4options,acc_norm_stderr,0.0256805646400568,Qwen-Qwen2-7B,generic_to_brand
medqa_4options,acc,0.58994708994709,Qwen-Qwen2-7B,none
medqa_4options,acc_stderr,0.0253312024389444,Qwen-Qwen2-7B,none
medqa_4options,acc_norm,0.58994708994709,Qwen-Qwen2-7B,none
medqa_4options,acc_norm_stderr,0.0253312024389444,Qwen-Qwen2-7B,none
b4b,acc,0.7536991368680641,01-ai-Yi-1.5-34B,none
b4b,acc_stderr,0.0972813518780667,01-ai-Yi-1.5-34B,none
b4b,acc_norm,0.7536991368680641,01-ai-Yi-1.5-34B,none
b4b,acc_norm_stderr,0.0972813518780667,01-ai-Yi-1.5-34B,none
b4bqa,acc,0.8515625,01-ai-Yi-1.5-34B,none
b4bqa,acc_stderr,0.0084010251891529,01-ai-Yi-1.5-34B,none
b4bqa,acc_norm,0.8515625,01-ai-Yi-1.5-34B,none
b4bqa,acc_norm_stderr,0.0084010251891529,01-ai-Yi-1.5-34B,none
medmcqa,acc,0.5977011494252874,01-ai-Yi-1.5-34B,generic_to_brand
medmcqa,acc_stderr,0.0263239892017835,01-ai-Yi-1.5-34B,generic_to_brand
medmcqa,acc_norm,0.5977011494252874,01-ai-Yi-1.5-34B,generic_to_brand
medmcqa,acc_norm_stderr,0.0263239892017835,01-ai-Yi-1.5-34B,generic_to_brand
medmcqa,acc,0.6925287356321839,01-ai-Yi-1.5-34B,none
medmcqa,acc_stderr,0.0247717351920721,01-ai-Yi-1.5-34B,none
medmcqa,acc_norm,0.6925287356321839,01-ai-Yi-1.5-34B,none
medmcqa,acc_norm_stderr,0.0247717351920721,01-ai-Yi-1.5-34B,none
medqa_4options,acc,0.5978835978835979,01-ai-Yi-1.5-34B,generic_to_brand
medqa_4options,acc_stderr,0.0252530325549976,01-ai-Yi-1.5-34B,generic_to_brand
medqa_4options,acc_norm,0.5978835978835979,01-ai-Yi-1.5-34B,generic_to_brand
medqa_4options,acc_norm_stderr,0.0252530325549976,01-ai-Yi-1.5-34B,generic_to_brand
medqa_4options,acc,0.6455026455026455,01-ai-Yi-1.5-34B,none
medqa_4options,acc_stderr,0.024636830602842,01-ai-Yi-1.5-34B,none
medqa_4options,acc_norm,0.6455026455026455,01-ai-Yi-1.5-34B,none
medqa_4options,acc_norm_stderr,0.024636830602842,01-ai-Yi-1.5-34B,none
b4b,acc,0.7536991368680641,01-ai-Yi-1.5-34B,none
b4b,acc_stderr,0.0972813518780667,01-ai-Yi-1.5-34B,none
b4b,acc_norm,0.7536991368680641,01-ai-Yi-1.5-34B,none
b4b,acc_norm_stderr,0.0972813518780667,01-ai-Yi-1.5-34B,none
b4bqa,acc,0.8515625,01-ai-Yi-1.5-34B,none
b4bqa,acc_stderr,0.0084010251891529,01-ai-Yi-1.5-34B,none
b4bqa,acc_norm,0.8515625,01-ai-Yi-1.5-34B,none
b4bqa,acc_norm_stderr,0.0084010251891529,01-ai-Yi-1.5-34B,none
medmcqa,acc,0.5977011494252874,01-ai-Yi-1.5-34B,generic_to_brand
medmcqa,acc_stderr,0.0263239892017835,01-ai-Yi-1.5-34B,generic_to_brand
medmcqa,acc_norm,0.5977011494252874,01-ai-Yi-1.5-34B,generic_to_brand
medmcqa,acc_norm_stderr,0.0263239892017835,01-ai-Yi-1.5-34B,generic_to_brand
medmcqa,acc,0.6925287356321839,01-ai-Yi-1.5-34B,none
medmcqa,acc_stderr,0.0247717351920721,01-ai-Yi-1.5-34B,none
medmcqa,acc_norm,0.6925287356321839,01-ai-Yi-1.5-34B,none
medmcqa,acc_norm_stderr,0.0247717351920721,01-ai-Yi-1.5-34B,none
medqa_4options,acc,0.5978835978835979,01-ai-Yi-1.5-34B,generic_to_brand
medqa_4options,acc_stderr,0.0252530325549976,01-ai-Yi-1.5-34B,generic_to_brand
medqa_4options,acc_norm,0.5978835978835979,01-ai-Yi-1.5-34B,generic_to_brand
medqa_4options,acc_norm_stderr,0.0252530325549976,01-ai-Yi-1.5-34B,generic_to_brand
medqa_4options,acc,0.6455026455026455,01-ai-Yi-1.5-34B,none
medqa_4options,acc_stderr,0.024636830602842,01-ai-Yi-1.5-34B,none
medqa_4options,acc_norm,0.6455026455026455,01-ai-Yi-1.5-34B,none
medqa_4options,acc_norm_stderr,0.024636830602842,01-ai-Yi-1.5-34B,none
b4bqa,acc,0.94921875,gpt4,none
medqa_4options,acc,0.9232804232804233,gpt4,none
medqa_4options,acc,0.8994708994708994,gpt4,generic_to_brand
medmcqa,acc,0.9166666666666666,gpt4,none
medmcqa,acc,0.8879310344827587,gpt4,generic_to_brand
b4bqa,acc,0.96484375,gpt4o,none
medqa_4options,acc,0.9021164021164021,gpt4o,none
medqa_4options,acc,0.8835978835978836,gpt4o,generic_to_brand
medmcqa,acc,0.9051724137931034,gpt4o,none
medmcqa,acc,0.8649425287356322,gpt4o,generic_to_brand
b4bqa,acc,0.9174107142857143,gpt35turbo,none
medmcqa,acc,0.9827586206896551,gpt35turbo,none
medmcqa,acc,0.9770114942528736,gpt35turbo,generic_to_brand
medqa_4options,acc,0.9629629629629629,gpt35turbo,none
medqa_4options,acc,0.9603174603174603,gpt35turbo,generic_to_brand
b4bqa,acc,0.921875,claude_opus,none
medqa_4options,acc,0.8571428571428571,claude_opus,none
medqa_4options,acc,0.8333333333333334,claude_opus,generic_to_brand
medmcqa,acc,0.8649425287356322,claude_opus,none
medmcqa,acc,0.7988505747126436,claude_opus,generic_to_brand
medqa_4options,acc,0.8862433862433863,gemini_15_pro,none
medqa_4options,acc,0.873015873015873,gemini_15_pro,generic_to_brand
medmcqa,acc,0.8649425287356322,gemini_15_pro,none
medmcqa,acc,0.8247126436781609,gemini_15_pro,generic_to_brand
medqa_4options,acc,0.7063492063492064,gemini_pro_1,none
medqa_4options,acc,0.7301587301587301,gemini_pro_1,generic_to_brand
medmcqa,acc,0.6810344827586207,gemini_pro_1,none
medmcqa,acc,0.7385057471264368,gemini_pro_1,generic_to_brand
medqa_4options,acc,0.9708994708994709,gemini_15_flash,none
medqa_4options,acc,0.9603174603174603,gemini_15_flash,generic_to_brand
medmcqa,acc,0.9741379310344828,gemini_15_flash,none
medmcqa,acc,0.9482758620689655,gemini_15_flash,generic_to_brand
